기준_년_코드,기준_분기_코드,상권_코드,유사_업종_점포_수
2020,1,2110001,174
2020,1,2110002,205
2020,1,2110003,393
2020,1,2110004,413
2020,1,2110005,391
2020,1,2110006,114
2020,1,2110007,727
2020,1,2110008,1267
2020,1,2110009,188
2020,1,2110010,407
2020,1,2110011,78
2020,1,2110012,2201
2020,1,2110013,1128
2020,1,2110014,201
2020,1,2110015,576
2020,1,2110016,186
2020,1,2110017,776
2020,1,2110018,977
2020,1,2110019,1913
2020,1,2110020,497
2020,1,2110021,1133
2020,1,2110022,834
2020,1,2110023,567
2020,1,2110024,679
2020,1,2110025,897
2020,1,2110026,1157
2020,1,2110027,725
2020,1,2110028,1093
2020,1,2110029,2246
2020,1,2110030,1706
2020,1,2110031,310
2020,1,2110032,6065
2020,1,2110033,682
2020,1,2110034,5435
2020,1,2110035,1776
2020,1,2110036,1150
2020,1,2110037,957
2020,1,2110038,481
2020,1,2110039,3339
2020,1,2110040,826
2020,1,2110041,1108
2020,1,2110042,649
2020,1,2110043,1280
2020,1,2110044,803
2020,1,2110045,1718
2020,1,2110046,498
2020,1,2110047,1011
2020,1,2110048,2668
2020,1,2110049,1234
2020,1,2110050,1019
2020,1,2110051,1419
2020,1,2110052,1154
2020,1,2110053,1363
2020,1,2110054,1182
2020,1,2110055,3511
2020,1,2110056,1880
2020,1,2110057,1176
2020,1,2110058,2644
2020,1,2110059,659
2020,1,2110060,1082
2020,1,2110061,682
2020,1,2110062,1245
2020,1,2110063,3112
2020,1,2110064,1058
2020,1,2110065,1894
2020,1,2110066,1098
2020,1,2110067,1576
2020,1,2110068,1981
2020,1,2110069,1663
2020,1,2110070,180
2020,1,2110071,328
2020,1,2110072,729
2020,1,2110073,780
2020,1,2110074,1411
2020,1,2110075,1721
2020,1,2110076,445
2020,1,2110077,675
2020,1,2110078,332
2020,1,2110079,1288
2020,1,2110080,621
2020,1,2110081,850
2020,1,2110082,1640
2020,1,2110083,144
2020,1,2110084,932
2020,1,2110085,1174
2020,1,2110086,2214
2020,1,2110087,1540
2020,1,2110088,687
2020,1,2110089,198
2020,1,2110090,726
2020,1,2110091,944
2020,1,2110092,933
2020,1,2110093,1904
2020,1,2110094,358
2020,1,2110095,1204
2020,1,2110096,207
2020,1,2110097,472
2020,1,2110098,505
2020,1,2110099,738
2020,1,2110100,237
2020,1,2110101,339
2020,1,2110102,544
2020,1,2110103,457
2020,1,2110104,844
2020,1,2110105,1065
2020,1,2110106,260
2020,1,2110107,724
2020,1,2110108,386
2020,1,2110109,545
2020,1,2110110,858
2020,1,2110111,184
2020,1,2110112,1062
2020,1,2110113,183
2020,1,2110114,903
2020,1,2110115,1608
2020,1,2110116,1465
2020,1,2110117,1402
2020,1,2110118,1208
2020,1,2110119,1234
2020,1,2110120,489
2020,1,2110121,730
2020,1,2110122,1076
2020,1,2110123,600
2020,1,2110124,948
2020,1,2110125,723
2020,1,2110126,990
2020,1,2110127,871
2020,1,2110128,1328
2020,1,2110129,936
2020,1,2110130,905
2020,1,2110131,2165
2020,1,2110132,834
2020,1,2110133,1517
2020,1,2110134,1242
2020,1,2110135,1080
2020,1,2110136,2422
2020,1,2110137,2169
2020,1,2110138,1007
2020,1,2110139,1122
2020,1,2110140,2500
2020,1,2110141,1648
2020,1,2110142,1673
2020,1,2110143,564
2020,1,2110144,1256
2020,1,2110145,744
2020,1,2110146,763
2020,1,2110147,1198
2020,1,2110148,781
2020,1,2110149,456
2020,1,2110150,1231
2020,1,2110151,963
2020,1,2110152,720
2020,1,2110153,1680
2020,1,2110154,1656
2020,1,2110155,1526
2020,1,2110156,1364
2020,1,2110157,915
2020,1,2110158,1334
2020,1,2110159,2465
2020,1,2110160,588
2020,1,2110161,1299
2020,1,2110162,1502
2020,1,2110163,837
2020,1,2110164,766
2020,1,2110165,1274
2020,1,2110166,1925
2020,1,2110167,1689
2020,1,2110168,542
2020,1,2110169,847
2020,1,2110170,1509
2020,1,2110171,752
2020,1,2110172,902
2020,1,2110173,1783
2020,1,2110174,1487
2020,1,2110175,1405
2020,1,2110176,963
2020,1,2110177,452
2020,1,2110178,396
2020,1,2110179,398
2020,1,2110180,581
2020,1,2110181,1612
2020,1,2110182,1104
2020,1,2110183,806
2020,1,2110184,958
2020,1,2110185,836
2020,1,2110186,606
2020,1,2110187,1168
2020,1,2110188,910
2020,1,2110189,1184
2020,1,2110190,1058
2020,1,2110191,695
2020,1,2110192,1595
2020,1,2110193,562
2020,1,2110194,1329
2020,1,2110195,2389
2020,1,2110196,469
2020,1,2110197,183
2020,1,2110198,1334
2020,1,2110199,1120
2020,1,2110200,779
2020,1,2110201,527
2020,1,2110202,545
2020,1,2110203,1011
2020,1,2110204,874
2020,1,2110205,1347
2020,1,2110206,755
2020,1,2110207,987
2020,1,2110208,1086
2020,1,2110209,536
2020,1,2110210,1044
2020,1,2110211,1018
2020,1,2110212,1542
2020,1,2110213,925
2020,1,2110214,640
2020,1,2110215,871
2020,1,2110216,738
2020,1,2110217,1864
2020,1,2110218,1137
2020,1,2110219,989
2020,1,2110220,1174
2020,1,2110221,409
2020,1,2110222,386
2020,1,2110223,1541
2020,1,2110224,812
2020,1,2110225,1338
2020,1,2110226,2789
2020,1,2110227,1046
2020,1,2110228,2018
2020,1,2110229,1740
2020,1,2110230,1648
2020,1,2110231,389
2020,1,2110232,1050
2020,1,2110233,936
2020,1,2110234,937
2020,1,2110235,488
2020,1,2110236,1390
2020,1,2110237,1228
2020,1,2110238,679
2020,1,2110239,592
2020,1,2110240,929
2020,1,2110241,1344
2020,1,2110242,630
2020,1,2110243,1162
2020,1,2110244,1149
2020,1,2110245,953
2020,1,2110246,1258
2020,1,2110247,1262
2020,1,2110248,689
2020,1,2110249,1353
2020,1,2110250,669
2020,1,2110251,945
2020,1,2110252,817
2020,1,2110253,818
2020,1,2110254,1112
2020,1,2110255,1512
2020,1,2110256,1582
2020,1,2110257,914
2020,1,2110258,1175
2020,1,2110259,1453
2020,1,2110260,1048
2020,1,2110261,1623
2020,1,2110262,1377
2020,1,2110263,1599
2020,1,2110264,1683
2020,1,2110265,1820
2020,1,2110266,1376
2020,1,2110267,1199
2020,1,2110268,937
2020,1,2110269,813
2020,1,2110270,613
2020,1,2110271,474
2020,1,2110272,1079
2020,1,2110273,1093
2020,1,2110274,937
2020,1,2110275,1136
2020,1,2110276,153
2020,1,2110277,1346
2020,1,2110278,1059
2020,1,2110279,240
2020,1,2110280,207
2020,1,2110281,169
2020,1,2110282,196
2020,1,2110283,369
2020,1,2110284,177
2020,1,2110285,427
2020,1,2110286,861
2020,1,2110287,272
2020,1,2110288,781
2020,1,2110289,869
2020,1,2110290,373
2020,1,2110291,1088
2020,1,2110292,530
2020,1,2110293,1518
2020,1,2110294,887
2020,1,2110295,1037
2020,1,2110296,1306
2020,1,2110297,2168
2020,1,2110298,640
2020,1,2110299,1174
2020,1,2110300,2278
2020,1,2110301,1521
2020,1,2110302,811
2020,1,2110303,1611
2020,1,2110304,1163
2020,1,2110305,983
2020,1,2110306,595
2020,1,2110307,835
2020,1,2110308,924
2020,1,2110309,957
2020,1,2110310,560
2020,1,2110311,101
2020,1,2110312,595
2020,1,2110313,1142
2020,1,2110314,1097
2020,1,2110315,803
2020,1,2110316,1938
2020,1,2110317,445
2020,1,2110318,1152
2020,1,2110319,949
2020,1,2110320,453
2020,1,2110321,589
2020,1,2110322,337
2020,1,2110323,725
2020,1,2110324,764
2020,1,2110325,611
2020,1,2110326,371
2020,1,2110327,610
2020,1,2110328,477
2020,1,2110329,510
2020,1,2110330,770
2020,1,2110331,937
2020,1,2110332,674
2020,1,2110333,1042
2020,1,2110334,879
2020,1,2110335,1103
2020,1,2110336,568
2020,1,2110337,328
2020,1,2110338,217
2020,1,2110339,322
2020,1,2110340,378
2020,1,2110341,213
2020,1,2110342,344
2020,1,2110343,717
2020,1,2110344,182
2020,1,2110345,474
2020,1,2110346,540
2020,1,2110347,153
2020,1,2110348,789
2020,1,2110349,365
2020,1,2110350,608
2020,1,2110351,640
2020,1,2110352,627
2020,1,2110353,899
2020,1,2110354,634
2020,1,2110355,983
2020,1,2110356,745
2020,1,2110357,970
2020,1,2110358,1416
2020,1,2110359,1739
2020,1,2110360,1645
2020,1,2110361,804
2020,1,2110362,903
2020,1,2110363,702
2020,1,2110364,1418
2020,1,2110365,1226
2020,1,2110366,1128
2020,1,2110367,2209
2020,1,2110368,1134
2020,1,2110369,1925
2020,1,2110370,1244
2020,1,2110371,1026
2020,1,2110372,1250
2020,1,2110373,1881
2020,1,2110374,1271
2020,1,2110375,568
2020,1,2110376,1998
2020,1,2110377,1509
2020,1,2110378,788
2020,1,2110379,273
2020,1,2110380,309
2020,1,2110381,331
2020,1,2110382,348
2020,1,2110383,336
2020,1,2110384,299
2020,1,2110385,187
2020,1,2110386,100
2020,1,2110387,409
2020,1,2110388,611
2020,1,2110389,593
2020,1,2110390,828
2020,1,2110391,401
2020,1,2110392,421
2020,1,2110393,494
2020,1,2110394,1236
2020,1,2110395,1026
2020,1,2110396,1137
2020,1,2110397,856
2020,1,2110398,1109
2020,1,2110399,1197
2020,1,2110400,1209
2020,1,2110401,891
2020,1,2110402,1110
2020,1,2110403,1660
2020,1,2110404,1176
2020,1,2110405,1492
2020,1,2110406,556
2020,1,2110407,1101
2020,1,2110408,804
2020,1,2110409,1124
2020,1,2110410,1571
2020,1,2110411,921
2020,1,2110412,183
2020,1,2110413,515
2020,1,2110414,255
2020,1,2110415,1269
2020,1,2110416,664
2020,1,2110417,284
2020,1,2110418,525
2020,1,2110419,1107
2020,1,2110420,580
2020,1,2110421,838
2020,1,2110422,1063
2020,1,2110423,1154
2020,1,2110424,1506
2020,1,2110425,1912
2020,1,2110426,1531
2020,1,2110427,351
2020,1,2110428,1780
2020,1,2110429,1679
2020,1,2110430,840
2020,1,2110431,1205
2020,1,2110432,466
2020,1,2110433,1651
2020,1,2110434,1319
2020,1,2110435,396
2020,1,2110436,919
2020,1,2110437,714
2020,1,2110438,1213
2020,1,2110439,506
2020,1,2110440,340
2020,1,2110441,361
2020,1,2110442,121
2020,1,2110443,300
2020,1,2110444,450
2020,1,2110445,360
2020,1,2110446,237
2020,1,2110447,301
2020,1,2110448,419
2020,1,2110449,666
2020,1,2110450,1087
2020,1,2110451,841
2020,1,2110452,873
2020,1,2110453,1327
2020,1,2110454,1069
2020,1,2110455,1395
2020,1,2110456,1142
2020,1,2110457,1088
2020,1,2110458,1080
2020,1,2110459,1327
2020,1,2110460,1349
2020,1,2110461,963
2020,1,2110462,652
2020,1,2110463,1032
2020,1,2110464,1686
2020,1,2110465,1946
2020,1,2110466,1158
2020,1,2110467,783
2020,1,2110468,1958
2020,1,2110469,1671
2020,1,2110470,1135
2020,1,2110471,1425
2020,1,2110472,1846
2020,1,2110473,1586
2020,1,2110474,810
2020,1,2110475,1060
2020,1,2110476,677
2020,1,2110477,1480
2020,1,2110478,1102
2020,1,2110479,1346
2020,1,2110480,1071
2020,1,2110481,1844
2020,1,2110482,284
2020,1,2110483,653
2020,1,2110484,2021
2020,1,2110485,585
2020,1,2110486,986
2020,1,2110487,1448
2020,1,2110488,984
2020,1,2110489,999
2020,1,2110490,756
2020,1,2110491,229
2020,1,2110492,67
2020,1,2110493,271
2020,1,2110494,362
2020,1,2110495,1225
2020,1,2110496,1038
2020,1,2110497,773
2020,1,2110498,1402
2020,1,2110499,733
2020,1,2110500,542
2020,1,2110501,673
2020,1,2110502,1061
2020,1,2110503,913
2020,1,2110504,269
2020,1,2110505,464
2020,1,2110506,856
2020,1,2110507,1220
2020,1,2110508,1069
2020,1,2110509,2062
2020,1,2110510,376
2020,1,2110511,1190
2020,1,2110512,484
2020,1,2110513,660
2020,1,2110514,1956
2020,1,2110515,119
2020,1,2110516,307
2020,1,2110517,303
2020,1,2110518,309
2020,1,2110519,350
2020,1,2110520,2178
2020,1,2110521,988
2020,1,2110522,763
2020,1,2110523,186
2020,1,2110524,386
2020,1,2110525,907
2020,1,2110526,396
2020,1,2110527,1380
2020,1,2110528,871
2020,1,2110529,1168
2020,1,2110530,905
2020,1,2110531,169
2020,1,2110532,879
2020,1,2110533,763
2020,1,2110534,566
2020,1,2110535,785
2020,1,2110536,905
2020,1,2110537,962
2020,1,2110538,871
2020,1,2110539,1078
2020,1,2110540,446
2020,1,2110541,1214
2020,1,2110542,1047
2020,1,2110543,365
2020,1,2110544,2676
2020,1,2110545,852
2020,1,2110546,674
2020,1,2110547,1687
2020,1,2110548,1238
2020,1,2110549,865
2020,1,2110550,1921
2020,1,2110551,1306
2020,1,2110552,640
2020,1,2110553,729
2020,1,2110554,1895
2020,1,2110555,1240
2020,1,2110556,317
2020,1,2110557,1471
2020,1,2110558,1501
2020,1,2110559,2018
2020,1,2110560,1304
2020,1,2110561,1490
2020,1,2110562,1971
2020,1,2110563,753
2020,1,2110564,2252
2020,1,2110565,1646
2020,1,2110566,3626
2020,1,2110567,518
2020,1,2110568,512
2020,1,2110569,1961
2020,1,2110570,465
2020,1,2110571,1012
2020,1,2110572,2149
2020,1,2110573,784
2020,1,2110574,667
2020,1,2110575,1231
2020,1,2110576,1224
2020,1,2110577,1314
2020,1,2110578,1138
2020,1,2110579,794
2020,1,2110580,568
2020,1,2110581,1182
2020,1,2110582,1084
2020,1,2110583,807
2020,1,2110584,1022
2020,1,2110585,940
2020,1,2110586,1773
2020,1,2110587,1116
2020,1,2110588,596
2020,1,2110589,583
2020,1,2110590,523
2020,1,2110591,775
2020,1,2110592,651
2020,1,2110593,689
2020,1,2110594,363
2020,1,2110595,1269
2020,1,2110596,606
2020,1,2110597,1502
2020,1,2110598,722
2020,1,2110599,1171
2020,1,2110600,772
2020,1,2110601,1128
2020,1,2110602,613
2020,1,2110603,400
2020,1,2110604,1007
2020,1,2110605,569
2020,1,2110606,1220
2020,1,2110607,657
2020,1,2110608,1156
2020,1,2110609,909
2020,1,2110610,447
2020,1,2110611,1148
2020,1,2110612,1917
2020,1,2110613,1099
2020,1,2110614,1504
2020,1,2110615,929
2020,1,2110616,975
2020,1,2110617,1154
2020,1,2110618,1597
2020,1,2110619,905
2020,1,2110620,1201
2020,1,2110621,1289
2020,1,2110622,979
2020,1,2110623,324
2020,1,2110624,378
2020,1,2110625,1191
2020,1,2110626,885
2020,1,2110627,1205
2020,1,2110628,381
2020,1,2110629,1134
2020,1,2110630,1604
2020,1,2110631,999
2020,1,2110632,1013
2020,1,2110633,907
2020,1,2110634,1104
2020,1,2110635,1095
2020,1,2110636,1057
2020,1,2110637,850
2020,1,2110638,1796
2020,1,2110639,989
2020,1,2110640,452
2020,1,2110641,548
2020,1,2110642,86
2020,1,2110643,1190
2020,1,2110644,731
2020,1,2110645,1235
2020,1,2110646,2009
2020,1,2110647,1874
2020,1,2110648,936
2020,1,2110649,1029
2020,1,2110650,626
2020,1,2110651,1360
2020,1,2110652,699
2020,1,2110653,1657
2020,1,2110654,2248
2020,1,2110655,1730
2020,1,2110656,1759
2020,1,2110657,1434
2020,1,2110658,1192
2020,1,2110659,1599
2020,1,2110660,1931
2020,1,2110661,797
2020,1,2110662,1590
2020,1,2110663,912
2020,1,2110664,924
2020,1,2110665,1709
2020,1,2110666,442
2020,1,2110667,918
2020,1,2110668,1882
2020,1,2110669,742
2020,1,2110670,776
2020,1,2110671,1831
2020,1,2110672,435
2020,1,2110673,1681
2020,1,2110674,405
2020,1,2110675,1455
2020,1,2110676,963
2020,1,2110677,927
2020,1,2110678,505
2020,1,2110679,733
2020,1,2110680,240
2020,1,2110681,285
2020,1,2110682,272
2020,1,2110683,181
2020,1,2110684,210
2020,1,2110685,168
2020,1,2110686,553
2020,1,2110687,302
2020,1,2110688,599
2020,1,2110689,959
2020,1,2110690,1249
2020,1,2110691,568
2020,1,2110692,791
2020,1,2110693,504
2020,1,2110694,1044
2020,1,2110695,1254
2020,1,2110696,962
2020,1,2110697,492
2020,1,2110698,1006
2020,1,2110699,506
2020,1,2110700,1066
2020,1,2110701,613
2020,1,2110702,850
2020,1,2110703,1382
2020,1,2110704,834
2020,1,2110705,801
2020,1,2110706,781
2020,1,2110707,742
2020,1,2110708,921
2020,1,2110709,596
2020,1,2110710,3796
2020,1,2110711,1462
2020,1,2110712,1721
2020,1,2110713,1789
2020,1,2110714,2039
2020,1,2110715,1112
2020,1,2110716,1012
2020,1,2110717,3441
2020,1,2110718,1778
2020,1,2110719,1168
2020,1,2110720,1442
2020,1,2110721,1746
2020,1,2110722,2198
2020,1,2110723,2946
2020,1,2110724,1523
2020,1,2110725,2509
2020,1,2110726,159
2020,1,2110727,1156
2020,1,2110728,1676
2020,1,2110729,1684
2020,1,2110730,1330
2020,1,2110731,1129
2020,1,2110732,1414
2020,1,2110733,695
2020,1,2110734,914
2020,1,2110735,1456
2020,1,2110736,1839
2020,1,2110737,1275
2020,1,2110738,1608
2020,1,2110739,818
2020,1,2110740,1678
2020,1,2110741,943
2020,1,2110742,585
2020,1,2110743,1788
2020,1,2110744,1331
2020,1,2110745,790
2020,1,2110746,1334
2020,1,2110747,151
2020,1,2110748,860
2020,1,2110749,894
2020,1,2110750,868
2020,1,2110751,996
2020,1,2110752,915
2020,1,2110753,1013
2020,1,2110754,1033
2020,1,2110755,692
2020,1,2110756,606
2020,1,2110757,677
2020,1,2110758,928
2020,1,2110759,2025
2020,1,2110760,1079
2020,1,2110761,1083
2020,1,2110762,1363
2020,1,2110763,1070
2020,1,2110764,1000
2020,1,2110765,1804
2020,1,2110766,1827
2020,1,2110767,1557
2020,1,2110768,1187
2020,1,2110769,946
2020,1,2110770,1536
2020,1,2110771,1144
2020,1,2110772,632
2020,1,2110773,752
2020,1,2110774,955
2020,1,2110775,1007
2020,1,2110776,1188
2020,1,2110777,1502
2020,1,2110778,2204
2020,1,2110779,456
2020,1,2110780,483
2020,1,2110781,1087
2020,1,2110782,1543
2020,1,2110783,1101
2020,1,2110784,746
2020,1,2110785,755
2020,1,2110786,867
2020,1,2110787,865
2020,1,2110788,1321
2020,1,2110789,1143
2020,1,2110790,929
2020,1,2110791,373
2020,1,2110792,1473
2020,1,2110793,489
2020,1,2110794,777
2020,1,2110795,983
2020,1,2110796,761
2020,1,2110797,399
2020,1,2110798,515
2020,1,2110799,972
2020,1,2110800,1217
2020,1,2110801,365
2020,1,2110802,604
2020,1,2110803,956
2020,1,2110804,938
2020,1,2110805,488
2020,1,2110806,277
2020,1,2110807,1086
2020,1,2110808,1025
2020,1,2110809,738
2020,1,2110810,1161
2020,1,2110811,876
2020,1,2110812,817
2020,1,2110813,1063
2020,1,2110814,877
2020,1,2110815,1114
2020,1,2110816,564
2020,1,2110817,721
2020,1,2110818,836
2020,1,2110819,1385
2020,1,2110820,618
2020,1,2110821,1110
2020,1,2110822,859
2020,1,2110823,1371
2020,1,2110824,410
2020,1,2110825,1353
2020,1,2110826,1282
2020,1,2110827,1077
2020,1,2110828,1741
2020,1,2110829,968
2020,1,2110830,759
2020,1,2110831,441
2020,1,2110832,1905
2020,1,2110833,810
2020,1,2110834,690
2020,1,2110835,734
2020,1,2110836,1027
2020,1,2110837,1102
2020,1,2110838,504
2020,1,2110839,580
2020,1,2110840,802
2020,1,2110841,603
2020,1,2110842,808
2020,1,2110843,321
2020,1,2110844,189
2020,1,2110845,115
2020,1,2110846,1208
2020,1,2110847,490
2020,1,2110848,1479
2020,1,2110849,2041
2020,1,2110850,2559
2020,1,2110851,1362
2020,1,2110852,1347
2020,1,2110853,1579
2020,1,2110854,824
2020,1,2110855,1603
2020,1,2110856,1220
2020,1,2110857,756
2020,1,2110858,736
2020,1,2110859,166
2020,1,2110860,967
2020,1,2110861,1605
2020,1,2110862,843
2020,1,2110863,912
2020,1,2110864,684
2020,1,2110865,983
2020,1,2110866,547
2020,1,2110867,1202
2020,1,2110868,1305
2020,1,2110869,2959
2020,1,2110870,67
2020,1,2110871,1488
2020,1,2110872,528
2020,1,2110873,1501
2020,1,2110874,810
2020,1,2110875,946
2020,1,2110876,986
2020,1,2110877,2275
2020,1,2110878,253
2020,1,2110879,924
2020,1,2110880,1208
2020,1,2110881,1671
2020,1,2110882,1347
2020,1,2110883,1015
2020,1,2110884,1197
2020,1,2110885,527
2020,1,2110886,823
2020,1,2110887,661
2020,1,2110888,645
2020,1,2110889,982
2020,1,2110890,1131
2020,1,2110891,684
2020,1,2110892,2813
2020,1,2110893,119
2020,1,2110894,344
2020,1,2110895,2114
2020,1,2110896,799
2020,1,2110897,2234
2020,1,2110898,384
2020,1,2110899,899
2020,1,2110900,1182
2020,1,2110901,679
2020,1,2110902,1307
2020,1,2110903,1246
2020,1,2110904,1363
2020,1,2110905,956
2020,1,2110906,844
2020,1,2110907,1750
2020,1,2110908,632
2020,1,2110909,52
2020,1,2110910,1148
2020,1,2110911,314
2020,1,2110912,641
2020,1,2110913,552
2020,1,2110914,1021
2020,1,2110915,590
2020,1,2110916,1570
2020,1,2110917,205
2020,1,2110918,1111
2020,1,2110919,932
2020,1,2110920,694
2020,1,2110921,615
2020,1,2110922,1190
2020,1,2110923,689
2020,1,2110924,973
2020,1,2110925,782
2020,1,2110926,999
2020,1,2110927,379
2020,1,2110928,1993
2020,1,2110929,2461
2020,1,2110930,1252
2020,1,2110931,56
2020,1,2110932,575
2020,1,2110933,586
2020,1,2110934,276
2020,1,2110935,727
2020,1,2110936,482
2020,1,2110937,705
2020,1,2110938,493
2020,1,2110939,2439
2020,1,2110940,1064
2020,1,2110941,647
2020,1,2110942,1938
2020,1,2110943,1415
2020,1,2110944,183
2020,1,2110945,166
2020,1,2110946,164
2020,1,2110947,188
2020,1,2110948,58
2020,1,2110949,1739
2020,1,2110950,1417
2020,1,2110951,2218
2020,1,2110952,1239
2020,1,2110953,1707
2020,1,2110954,2464
2020,1,2110955,2593
2020,1,2110956,1536
2020,1,2110957,1728
2020,1,2110958,2388
2020,1,2110959,1276
2020,1,2110960,1317
2020,1,2110961,1719
2020,1,2110962,1348
2020,1,2110963,1684
2020,1,2110964,707
2020,1,2110965,1633
2020,1,2110966,2250
2020,1,2110967,2152
2020,1,2110968,1673
2020,1,2110969,2457
2020,1,2110970,1227
2020,1,2110971,2792
2020,1,2110972,1331
2020,1,2110973,1592
2020,1,2110974,886
2020,1,2110975,502
2020,1,2110976,1510
2020,1,2110977,1498
2020,1,2110978,589
2020,1,2110979,1272
2020,1,2110980,1224
2020,1,2110981,1935
2020,1,2110982,489
2020,1,2110983,998
2020,1,2110984,859
2020,1,2110985,882
2020,1,2110986,1034
2020,1,2110987,723
2020,1,2110988,622
2020,1,2110989,2264
2020,1,2110990,574
2020,1,2110991,1737
2020,1,2110992,2965
2020,1,2110993,57
2020,1,2110994,300
2020,1,2110995,779
2020,1,2110996,1540
2020,1,2110997,976
2020,1,2110998,212
2020,1,2110999,395
2020,1,2111000,178
2020,1,2111001,255
2020,1,2111002,126
2020,1,2111003,1453
2020,1,2111004,2999
2020,1,2111005,1167
2020,1,2111006,2059
2020,1,2111007,1002
2020,1,2111008,1316
2020,1,2111009,585
2020,1,2111010,1825
2020,1,2111011,313
2020,1,2111012,1896
2020,1,2111013,2247
2020,1,2111014,1862
2020,1,2111015,2753
2020,1,2111016,2186
2020,1,2111017,1115
2020,1,2111018,403
2020,1,2111019,1461
2020,1,2111020,679
2020,1,2111021,2120
2020,1,2111022,1339
2020,1,2111023,2151
2020,1,2111024,1761
2020,1,2111025,987
2020,1,2111026,2467
2020,1,2111027,1406
2020,1,2111028,2618
2020,1,2111029,669
2020,1,2111030,754
2020,1,2111031,866
2020,1,2111032,1029
2020,1,2111033,389
2020,1,2111034,641
2020,1,2111035,653
2020,1,2111036,568
2020,1,2111037,481
2020,1,2111038,592
2020,1,2111039,759
2020,1,2111040,531
2020,1,2111041,370
2020,1,2111042,1340
2020,1,2111043,511
2020,1,2111044,1039
2020,1,2111045,406
2020,1,2111046,1376
2020,1,2111047,419
2020,1,2111048,1448
2020,1,2111049,1409
2020,1,2111050,875
2020,1,2111051,2684
2020,1,2111052,1137
2020,1,2111053,1263
2020,1,2111054,759
2020,1,2111055,356
2020,1,2111056,1714
2020,1,2111057,1565
2020,1,2111058,740
2020,1,2111059,3040
2020,1,2111060,2017
2020,1,2111061,1786
2020,1,2111062,1347
2020,1,2111063,2110
2020,1,2111064,1612
2020,1,2111065,800
2020,1,2111066,1012
2020,1,2111067,2562
2020,1,2111068,1209
2020,1,2111069,1099
2020,1,2111070,852
2020,1,2111071,1013
2020,1,2111072,1400
2020,1,2111073,1987
2020,1,2111074,993
2020,1,2111075,1522
2020,1,2111076,1039
2020,1,2111077,2752
2020,1,2111078,1731
2020,1,2111079,805
2020,1,2111080,1366
2020,1,2111081,551
2020,1,2111082,389
2020,1,2111083,891
2020,1,2111084,388
2020,1,2111085,433
2020,1,2111086,349
2020,1,2111087,133
2020,1,2111088,294
2020,1,2111089,544
2020,1,2111090,248
2020,2,2110001,175
2020,2,2110002,200
2020,2,2110003,399
2020,2,2110004,421
2020,2,2110005,394
2020,2,2110006,113
2020,2,2110007,717
2020,2,2110008,1252
2020,2,2110009,185
2020,2,2110010,412
2020,2,2110011,79
2020,2,2110012,2173
2020,2,2110013,1127
2020,2,2110014,204
2020,2,2110015,581
2020,2,2110016,187
2020,2,2110017,771
2020,2,2110018,967
2020,2,2110019,1888
2020,2,2110020,497
2020,2,2110021,1133
2020,2,2110022,833
2020,2,2110023,563
2020,2,2110024,689
2020,2,2110025,888
2020,2,2110026,1157
2020,2,2110027,718
2020,2,2110028,1069
2020,2,2110029,2245
2020,2,2110030,1688
2020,2,2110031,313
2020,2,2110032,5977
2020,2,2110033,689
2020,2,2110034,5361
2020,2,2110035,1763
2020,2,2110036,1144
2020,2,2110037,955
2020,2,2110038,482
2020,2,2110039,3296
2020,2,2110040,803
2020,2,2110041,1092
2020,2,2110042,649
2020,2,2110043,1276
2020,2,2110044,802
2020,2,2110045,1706
2020,2,2110046,499
2020,2,2110047,1011
2020,2,2110048,2627
2020,2,2110049,1232
2020,2,2110050,1020
2020,2,2110051,1390
2020,2,2110052,1149
2020,2,2110053,1342
2020,2,2110054,1188
2020,2,2110055,3460
2020,2,2110056,1878
2020,2,2110057,1184
2020,2,2110058,2613
2020,2,2110059,655
2020,2,2110060,1081
2020,2,2110061,678
2020,2,2110062,1230
2020,2,2110063,3081
2020,2,2110064,1051
2020,2,2110065,1878
2020,2,2110066,1097
2020,2,2110067,1576
2020,2,2110068,1949
2020,2,2110069,1651
2020,2,2110070,177
2020,2,2110071,328
2020,2,2110072,712
2020,2,2110073,769
2020,2,2110074,1408
2020,2,2110075,1700
2020,2,2110076,435
2020,2,2110077,685
2020,2,2110078,337
2020,2,2110079,1294
2020,2,2110080,626
2020,2,2110081,857
2020,2,2110082,1634
2020,2,2110083,143
2020,2,2110084,936
2020,2,2110085,1181
2020,2,2110086,2214
2020,2,2110087,1528
2020,2,2110088,692
2020,2,2110089,200
2020,2,2110090,726
2020,2,2110091,949
2020,2,2110092,931
2020,2,2110093,1893
2020,2,2110094,357
2020,2,2110095,1213
2020,2,2110096,208
2020,2,2110097,470
2020,2,2110098,500
2020,2,2110099,726
2020,2,2110100,235
2020,2,2110101,334
2020,2,2110102,542
2020,2,2110103,456
2020,2,2110104,840
2020,2,2110105,1056
2020,2,2110106,250
2020,2,2110107,717
2020,2,2110108,377
2020,2,2110109,541
2020,2,2110110,856
2020,2,2110111,183
2020,2,2110112,1064
2020,2,2110113,183
2020,2,2110114,900
2020,2,2110115,1597
2020,2,2110116,1451
2020,2,2110117,1379
2020,2,2110118,1178
2020,2,2110119,1209
2020,2,2110120,509
2020,2,2110121,706
2020,2,2110122,1076
2020,2,2110123,600
2020,2,2110124,964
2020,2,2110125,719
2020,2,2110126,994
2020,2,2110127,875
2020,2,2110128,1343
2020,2,2110129,934
2020,2,2110130,899
2020,2,2110131,2208
2020,2,2110132,828
2020,2,2110133,1506
2020,2,2110134,1259
2020,2,2110135,1071
2020,2,2110136,2455
2020,2,2110137,2163
2020,2,2110138,1007
2020,2,2110139,1135
2020,2,2110140,2497
2020,2,2110141,1643
2020,2,2110142,1678
2020,2,2110143,573
2020,2,2110144,1261
2020,2,2110145,748
2020,2,2110146,767
2020,2,2110147,1206
2020,2,2110148,783
2020,2,2110149,458
2020,2,2110150,1235
2020,2,2110151,960
2020,2,2110152,722
2020,2,2110153,1680
2020,2,2110154,1652
2020,2,2110155,1512
2020,2,2110156,1353
2020,2,2110157,908
2020,2,2110158,1340
2020,2,2110159,2445
2020,2,2110160,589
2020,2,2110161,1303
2020,2,2110162,1493
2020,2,2110163,831
2020,2,2110164,757
2020,2,2110165,1276
2020,2,2110166,1912
2020,2,2110167,1677
2020,2,2110168,534
2020,2,2110169,837
2020,2,2110170,1494
2020,2,2110171,750
2020,2,2110172,894
2020,2,2110173,1760
2020,2,2110174,1498
2020,2,2110175,1396
2020,2,2110176,968
2020,2,2110177,460
2020,2,2110178,388
2020,2,2110179,391
2020,2,2110180,571
2020,2,2110181,1608
2020,2,2110182,1112
2020,2,2110183,801
2020,2,2110184,955
2020,2,2110185,843
2020,2,2110186,614
2020,2,2110187,1176
2020,2,2110188,907
2020,2,2110189,1187
2020,2,2110190,1064
2020,2,2110191,697
2020,2,2110192,1595
2020,2,2110193,562
2020,2,2110194,1328
2020,2,2110195,2390
2020,2,2110196,475
2020,2,2110197,186
2020,2,2110198,1329
2020,2,2110199,1119
2020,2,2110200,783
2020,2,2110201,523
2020,2,2110202,537
2020,2,2110203,1000
2020,2,2110204,872
2020,2,2110205,1343
2020,2,2110206,752
2020,2,2110207,971
2020,2,2110208,1090
2020,2,2110209,536
2020,2,2110210,1029
2020,2,2110211,1016
2020,2,2110212,1531
2020,2,2110213,933
2020,2,2110214,645
2020,2,2110215,874
2020,2,2110216,736
2020,2,2110217,1854
2020,2,2110218,1131
2020,2,2110219,988
2020,2,2110220,1175
2020,2,2110221,406
2020,2,2110222,386
2020,2,2110223,1539
2020,2,2110224,807
2020,2,2110225,1333
2020,2,2110226,2779
2020,2,2110227,1034
2020,2,2110228,2010
2020,2,2110229,1732
2020,2,2110230,1637
2020,2,2110231,387
2020,2,2110232,1048
2020,2,2110233,939
2020,2,2110234,946
2020,2,2110235,488
2020,2,2110236,1388
2020,2,2110237,1237
2020,2,2110238,668
2020,2,2110239,594
2020,2,2110240,935
2020,2,2110241,1340
2020,2,2110242,635
2020,2,2110243,1180
2020,2,2110244,1141
2020,2,2110245,956
2020,2,2110246,1267
2020,2,2110247,1259
2020,2,2110248,693
2020,2,2110249,1348
2020,2,2110250,671
2020,2,2110251,951
2020,2,2110252,827
2020,2,2110253,814
2020,2,2110254,1107
2020,2,2110255,1523
2020,2,2110256,1607
2020,2,2110257,917
2020,2,2110258,1180
2020,2,2110259,1455
2020,2,2110260,1060
2020,2,2110261,1633
2020,2,2110262,1369
2020,2,2110263,1612
2020,2,2110264,1704
2020,2,2110265,1819
2020,2,2110266,1380
2020,2,2110267,1203
2020,2,2110268,948
2020,2,2110269,831
2020,2,2110270,618
2020,2,2110271,467
2020,2,2110272,1085
2020,2,2110273,1101
2020,2,2110274,938
2020,2,2110275,1141
2020,2,2110276,150
2020,2,2110277,1339
2020,2,2110278,1058
2020,2,2110279,236
2020,2,2110280,202
2020,2,2110281,167
2020,2,2110282,201
2020,2,2110283,364
2020,2,2110284,179
2020,2,2110285,422
2020,2,2110286,858
2020,2,2110287,275
2020,2,2110288,773
2020,2,2110289,870
2020,2,2110290,368
2020,2,2110291,1071
2020,2,2110292,529
2020,2,2110293,1509
2020,2,2110294,884
2020,2,2110295,1034
2020,2,2110296,1306
2020,2,2110297,2156
2020,2,2110298,639
2020,2,2110299,1166
2020,2,2110300,2276
2020,2,2110301,1510
2020,2,2110302,800
2020,2,2110303,1602
2020,2,2110304,1151
2020,2,2110305,979
2020,2,2110306,593
2020,2,2110307,818
2020,2,2110308,912
2020,2,2110309,949
2020,2,2110310,547
2020,2,2110311,99
2020,2,2110312,596
2020,2,2110313,1147
2020,2,2110314,1085
2020,2,2110315,791
2020,2,2110316,1922
2020,2,2110317,435
2020,2,2110318,1143
2020,2,2110319,944
2020,2,2110320,445
2020,2,2110321,582
2020,2,2110322,336
2020,2,2110323,713
2020,2,2110324,749
2020,2,2110325,608
2020,2,2110326,368
2020,2,2110327,614
2020,2,2110328,484
2020,2,2110329,503
2020,2,2110330,770
2020,2,2110331,934
2020,2,2110332,675
2020,2,2110333,1047
2020,2,2110334,876
2020,2,2110335,1096
2020,2,2110336,566
2020,2,2110337,334
2020,2,2110338,221
2020,2,2110339,322
2020,2,2110340,384
2020,2,2110341,217
2020,2,2110342,343
2020,2,2110343,724
2020,2,2110344,184
2020,2,2110345,474
2020,2,2110346,538
2020,2,2110347,151
2020,2,2110348,793
2020,2,2110349,370
2020,2,2110350,604
2020,2,2110351,644
2020,2,2110352,629
2020,2,2110353,896
2020,2,2110354,640
2020,2,2110355,982
2020,2,2110356,740
2020,2,2110357,969
2020,2,2110358,1417
2020,2,2110359,1742
2020,2,2110360,1649
2020,2,2110361,804
2020,2,2110362,907
2020,2,2110363,701
2020,2,2110364,1425
2020,2,2110365,1226
2020,2,2110366,1140
2020,2,2110367,2207
2020,2,2110368,1129
2020,2,2110369,1936
2020,2,2110370,1239
2020,2,2110371,1012
2020,2,2110372,1249
2020,2,2110373,1856
2020,2,2110374,1278
2020,2,2110375,561
2020,2,2110376,1987
2020,2,2110377,1508
2020,2,2110378,791
2020,2,2110379,274
2020,2,2110380,316
2020,2,2110381,329
2020,2,2110382,356
2020,2,2110383,336
2020,2,2110384,303
2020,2,2110385,189
2020,2,2110386,101
2020,2,2110387,409
2020,2,2110388,614
2020,2,2110389,594
2020,2,2110390,829
2020,2,2110391,402
2020,2,2110392,417
2020,2,2110393,492
2020,2,2110394,1237
2020,2,2110395,1026
2020,2,2110396,1147
2020,2,2110397,870
2020,2,2110398,1098
2020,2,2110399,1205
2020,2,2110400,1204
2020,2,2110401,882
2020,2,2110402,1114
2020,2,2110403,1658
2020,2,2110404,1185
2020,2,2110405,1488
2020,2,2110406,566
2020,2,2110407,1108
2020,2,2110408,800
2020,2,2110409,1125
2020,2,2110410,1571
2020,2,2110411,928
2020,2,2110412,176
2020,2,2110413,519
2020,2,2110414,261
2020,2,2110415,1268
2020,2,2110416,656
2020,2,2110417,290
2020,2,2110418,519
2020,2,2110419,1110
2020,2,2110420,594
2020,2,2110421,827
2020,2,2110422,1053
2020,2,2110423,1158
2020,2,2110424,1506
2020,2,2110425,1922
2020,2,2110426,1523
2020,2,2110427,350
2020,2,2110428,1810
2020,2,2110429,1687
2020,2,2110430,838
2020,2,2110431,1218
2020,2,2110432,466
2020,2,2110433,1665
2020,2,2110434,1330
2020,2,2110435,399
2020,2,2110436,921
2020,2,2110437,725
2020,2,2110438,1223
2020,2,2110439,505
2020,2,2110440,338
2020,2,2110441,352
2020,2,2110442,123
2020,2,2110443,297
2020,2,2110444,452
2020,2,2110445,365
2020,2,2110446,243
2020,2,2110447,302
2020,2,2110448,420
2020,2,2110449,669
2020,2,2110450,1100
2020,2,2110451,855
2020,2,2110452,891
2020,2,2110453,1332
2020,2,2110454,1066
2020,2,2110455,1402
2020,2,2110456,1145
2020,2,2110457,1086
2020,2,2110458,1084
2020,2,2110459,1339
2020,2,2110460,1354
2020,2,2110461,981
2020,2,2110462,646
2020,2,2110463,1043
2020,2,2110464,1695
2020,2,2110465,1940
2020,2,2110466,1151
2020,2,2110467,779
2020,2,2110468,1960
2020,2,2110469,1684
2020,2,2110470,1143
2020,2,2110471,1434
2020,2,2110472,1859
2020,2,2110473,1589
2020,2,2110474,796
2020,2,2110475,1064
2020,2,2110476,672
2020,2,2110477,1463
2020,2,2110478,1089
2020,2,2110479,1325
2020,2,2110480,1061
2020,2,2110481,1831
2020,2,2110482,284
2020,2,2110483,639
2020,2,2110484,2008
2020,2,2110485,580
2020,2,2110486,990
2020,2,2110487,1435
2020,2,2110488,976
2020,2,2110489,1000
2020,2,2110490,764
2020,2,2110491,222
2020,2,2110492,73
2020,2,2110493,268
2020,2,2110494,361
2020,2,2110495,1221
2020,2,2110496,1031
2020,2,2110497,766
2020,2,2110498,1416
2020,2,2110499,730
2020,2,2110500,548
2020,2,2110501,681
2020,2,2110502,1068
2020,2,2110503,903
2020,2,2110504,271
2020,2,2110505,458
2020,2,2110506,867
2020,2,2110507,1217
2020,2,2110508,1062
2020,2,2110509,2074
2020,2,2110510,369
2020,2,2110511,1185
2020,2,2110512,483
2020,2,2110513,654
2020,2,2110514,1965
2020,2,2110515,118
2020,2,2110516,309
2020,2,2110517,306
2020,2,2110518,312
2020,2,2110519,352
2020,2,2110520,2177
2020,2,2110521,985
2020,2,2110522,750
2020,2,2110523,183
2020,2,2110524,385
2020,2,2110525,913
2020,2,2110526,397
2020,2,2110527,1373
2020,2,2110528,872
2020,2,2110529,1172
2020,2,2110530,907
2020,2,2110531,170
2020,2,2110532,881
2020,2,2110533,768
2020,2,2110534,560
2020,2,2110535,794
2020,2,2110536,902
2020,2,2110537,953
2020,2,2110538,868
2020,2,2110539,1065
2020,2,2110540,451
2020,2,2110541,1221
2020,2,2110542,1041
2020,2,2110543,359
2020,2,2110544,2705
2020,2,2110545,846
2020,2,2110546,683
2020,2,2110547,1693
2020,2,2110548,1234
2020,2,2110549,870
2020,2,2110550,1927
2020,2,2110551,1316
2020,2,2110552,640
2020,2,2110553,736
2020,2,2110554,1902
2020,2,2110555,1244
2020,2,2110556,326
2020,2,2110557,1471
2020,2,2110558,1498
2020,2,2110559,2021
2020,2,2110560,1300
2020,2,2110561,1484
2020,2,2110562,1996
2020,2,2110563,748
2020,2,2110564,2270
2020,2,2110565,1630
2020,2,2110566,3618
2020,2,2110567,508
2020,2,2110568,506
2020,2,2110569,1962
2020,2,2110570,465
2020,2,2110571,1006
2020,2,2110572,2147
2020,2,2110573,779
2020,2,2110574,665
2020,2,2110575,1238
2020,2,2110576,1229
2020,2,2110577,1317
2020,2,2110578,1148
2020,2,2110579,793
2020,2,2110580,576
2020,2,2110581,1179
2020,2,2110582,1085
2020,2,2110583,811
2020,2,2110584,1018
2020,2,2110585,944
2020,2,2110586,1779
2020,2,2110587,1124
2020,2,2110588,595
2020,2,2110589,581
2020,2,2110590,526
2020,2,2110591,774
2020,2,2110592,664
2020,2,2110593,706
2020,2,2110594,362
2020,2,2110595,1282
2020,2,2110596,618
2020,2,2110597,1532
2020,2,2110598,718
2020,2,2110599,1189
2020,2,2110600,766
2020,2,2110601,1137
2020,2,2110602,627
2020,2,2110603,412
2020,2,2110604,1002
2020,2,2110605,585
2020,2,2110606,1238
2020,2,2110607,662
2020,2,2110608,1151
2020,2,2110609,914
2020,2,2110610,440
2020,2,2110611,1144
2020,2,2110612,1921
2020,2,2110613,1089
2020,2,2110614,1477
2020,2,2110615,923
2020,2,2110616,974
2020,2,2110617,1153
2020,2,2110618,1591
2020,2,2110619,900
2020,2,2110620,1192
2020,2,2110621,1277
2020,2,2110622,989
2020,2,2110623,326
2020,2,2110624,376
2020,2,2110625,1198
2020,2,2110626,893
2020,2,2110627,1212
2020,2,2110628,385
2020,2,2110629,1123
2020,2,2110630,1593
2020,2,2110631,1009
2020,2,2110632,1013
2020,2,2110633,903
2020,2,2110634,1116
2020,2,2110635,1094
2020,2,2110636,1062
2020,2,2110637,850
2020,2,2110638,1812
2020,2,2110639,997
2020,2,2110640,450
2020,2,2110641,551
2020,2,2110642,82
2020,2,2110643,1219
2020,2,2110644,725
2020,2,2110645,1251
2020,2,2110646,2009
2020,2,2110647,1894
2020,2,2110648,951
2020,2,2110649,1035
2020,2,2110650,629
2020,2,2110651,1376
2020,2,2110652,713
2020,2,2110653,1661
2020,2,2110654,2259
2020,2,2110655,1714
2020,2,2110656,1761
2020,2,2110657,1440
2020,2,2110658,1199
2020,2,2110659,1615
2020,2,2110660,1916
2020,2,2110661,790
2020,2,2110662,1590
2020,2,2110663,920
2020,2,2110664,920
2020,2,2110665,1707
2020,2,2110666,435
2020,2,2110667,908
2020,2,2110668,1883
2020,2,2110669,743
2020,2,2110670,781
2020,2,2110671,1831
2020,2,2110672,432
2020,2,2110673,1674
2020,2,2110674,408
2020,2,2110675,1459
2020,2,2110676,951
2020,2,2110677,917
2020,2,2110678,510
2020,2,2110679,740
2020,2,2110680,234
2020,2,2110681,280
2020,2,2110682,268
2020,2,2110683,185
2020,2,2110684,215
2020,2,2110685,175
2020,2,2110686,563
2020,2,2110687,303
2020,2,2110688,598
2020,2,2110689,959
2020,2,2110690,1249
2020,2,2110691,579
2020,2,2110692,796
2020,2,2110693,506
2020,2,2110694,1059
2020,2,2110695,1261
2020,2,2110696,963
2020,2,2110697,481
2020,2,2110698,1007
2020,2,2110699,501
2020,2,2110700,1067
2020,2,2110701,611
2020,2,2110702,859
2020,2,2110703,1374
2020,2,2110704,826
2020,2,2110705,793
2020,2,2110706,776
2020,2,2110707,735
2020,2,2110708,895
2020,2,2110709,606
2020,2,2110710,3772
2020,2,2110711,1441
2020,2,2110712,1724
2020,2,2110713,1768
2020,2,2110714,2036
2020,2,2110715,1103
2020,2,2110716,1007
2020,2,2110717,3420
2020,2,2110718,1774
2020,2,2110719,1157
2020,2,2110720,1435
2020,2,2110721,1733
2020,2,2110722,2202
2020,2,2110723,2919
2020,2,2110724,1516
2020,2,2110725,2477
2020,2,2110726,158
2020,2,2110727,1163
2020,2,2110728,1675
2020,2,2110729,1681
2020,2,2110730,1333
2020,2,2110731,1133
2020,2,2110732,1415
2020,2,2110733,706
2020,2,2110734,909
2020,2,2110735,1458
2020,2,2110736,1839
2020,2,2110737,1278
2020,2,2110738,1608
2020,2,2110739,814
2020,2,2110740,1683
2020,2,2110741,927
2020,2,2110742,573
2020,2,2110743,1782
2020,2,2110744,1328
2020,2,2110745,782
2020,2,2110746,1328
2020,2,2110747,149
2020,2,2110748,860
2020,2,2110749,887
2020,2,2110750,864
2020,2,2110751,996
2020,2,2110752,910
2020,2,2110753,1018
2020,2,2110754,1038
2020,2,2110755,699
2020,2,2110756,605
2020,2,2110757,698
2020,2,2110758,925
2020,2,2110759,2025
2020,2,2110760,1079
2020,2,2110761,1085
2020,2,2110762,1370
2020,2,2110763,1078
2020,2,2110764,987
2020,2,2110765,1799
2020,2,2110766,1825
2020,2,2110767,1546
2020,2,2110768,1176
2020,2,2110769,946
2020,2,2110770,1536
2020,2,2110771,1143
2020,2,2110772,624
2020,2,2110773,747
2020,2,2110774,952
2020,2,2110775,1006
2020,2,2110776,1187
2020,2,2110777,1473
2020,2,2110778,2200
2020,2,2110779,463
2020,2,2110780,480
2020,2,2110781,1085
2020,2,2110782,1528
2020,2,2110783,1099
2020,2,2110784,750
2020,2,2110785,753
2020,2,2110786,864
2020,2,2110787,863
2020,2,2110788,1321
2020,2,2110789,1142
2020,2,2110790,939
2020,2,2110791,381
2020,2,2110792,1454
2020,2,2110793,490
2020,2,2110794,770
2020,2,2110795,980
2020,2,2110796,750
2020,2,2110797,397
2020,2,2110798,522
2020,2,2110799,958
2020,2,2110800,1212
2020,2,2110801,367
2020,2,2110802,602
2020,2,2110803,938
2020,2,2110804,944
2020,2,2110805,487
2020,2,2110806,273
2020,2,2110807,1063
2020,2,2110808,1001
2020,2,2110809,732
2020,2,2110810,1142
2020,2,2110811,877
2020,2,2110812,817
2020,2,2110813,1064
2020,2,2110814,879
2020,2,2110815,1105
2020,2,2110816,555
2020,2,2110817,711
2020,2,2110818,836
2020,2,2110819,1386
2020,2,2110820,621
2020,2,2110821,1105
2020,2,2110822,854
2020,2,2110823,1365
2020,2,2110824,411
2020,2,2110825,1352
2020,2,2110826,1279
2020,2,2110827,1084
2020,2,2110828,1739
2020,2,2110829,956
2020,2,2110830,754
2020,2,2110831,438
2020,2,2110832,1905
2020,2,2110833,809
2020,2,2110834,686
2020,2,2110835,728
2020,2,2110836,1022
2020,2,2110837,1097
2020,2,2110838,502
2020,2,2110839,574
2020,2,2110840,794
2020,2,2110841,603
2020,2,2110842,805
2020,2,2110843,322
2020,2,2110844,192
2020,2,2110845,115
2020,2,2110846,1199
2020,2,2110847,487
2020,2,2110848,1464
2020,2,2110849,2023
2020,2,2110850,2553
2020,2,2110851,1350
2020,2,2110852,1330
2020,2,2110853,1580
2020,2,2110854,829
2020,2,2110855,1596
2020,2,2110856,1208
2020,2,2110857,744
2020,2,2110858,744
2020,2,2110859,170
2020,2,2110860,952
2020,2,2110861,1614
2020,2,2110862,833
2020,2,2110863,901
2020,2,2110864,686
2020,2,2110865,974
2020,2,2110866,542
2020,2,2110867,1202
2020,2,2110868,1301
2020,2,2110869,2916
2020,2,2110870,68
2020,2,2110871,1485
2020,2,2110872,529
2020,2,2110873,1493
2020,2,2110874,811
2020,2,2110875,947
2020,2,2110876,991
2020,2,2110877,2252
2020,2,2110878,249
2020,2,2110879,930
2020,2,2110880,1187
2020,2,2110881,1667
2020,2,2110882,1352
2020,2,2110883,1024
2020,2,2110884,1206
2020,2,2110885,531
2020,2,2110886,827
2020,2,2110887,657
2020,2,2110888,663
2020,2,2110889,997
2020,2,2110890,1148
2020,2,2110891,690
2020,2,2110892,2815
2020,2,2110893,122
2020,2,2110894,347
2020,2,2110895,2103
2020,2,2110896,814
2020,2,2110897,2232
2020,2,2110898,394
2020,2,2110899,890
2020,2,2110900,1170
2020,2,2110901,665
2020,2,2110902,1304
2020,2,2110903,1241
2020,2,2110904,1340
2020,2,2110905,942
2020,2,2110906,837
2020,2,2110907,1735
2020,2,2110908,628
2020,2,2110909,50
2020,2,2110910,1136
2020,2,2110911,307
2020,2,2110912,641
2020,2,2110913,536
2020,2,2110914,1011
2020,2,2110915,590
2020,2,2110916,1565
2020,2,2110917,206
2020,2,2110918,1097
2020,2,2110919,922
2020,2,2110920,682
2020,2,2110921,609
2020,2,2110922,1182
2020,2,2110923,675
2020,2,2110924,968
2020,2,2110925,776
2020,2,2110926,1006
2020,2,2110927,380
2020,2,2110928,1979
2020,2,2110929,2444
2020,2,2110930,1242
2020,2,2110931,54
2020,2,2110932,568
2020,2,2110933,579
2020,2,2110934,269
2020,2,2110935,711
2020,2,2110936,470
2020,2,2110937,704
2020,2,2110938,485
2020,2,2110939,2442
2020,2,2110940,1053
2020,2,2110941,639
2020,2,2110942,1924
2020,2,2110943,1400
2020,2,2110944,180
2020,2,2110945,164
2020,2,2110946,167
2020,2,2110947,191
2020,2,2110948,58
2020,2,2110949,1726
2020,2,2110950,1409
2020,2,2110951,2208
2020,2,2110952,1235
2020,2,2110953,1694
2020,2,2110954,2452
2020,2,2110955,2591
2020,2,2110956,1542
2020,2,2110957,1725
2020,2,2110958,2388
2020,2,2110959,1277
2020,2,2110960,1299
2020,2,2110961,1713
2020,2,2110962,1336
2020,2,2110963,1664
2020,2,2110964,702
2020,2,2110965,1627
2020,2,2110966,2239
2020,2,2110967,2144
2020,2,2110968,1665
2020,2,2110969,2444
2020,2,2110970,1234
2020,2,2110971,2769
2020,2,2110972,1302
2020,2,2110973,1584
2020,2,2110974,894
2020,2,2110975,505
2020,2,2110976,1518
2020,2,2110977,1475
2020,2,2110978,587
2020,2,2110979,1263
2020,2,2110980,1212
2020,2,2110981,1918
2020,2,2110982,488
2020,2,2110983,989
2020,2,2110984,857
2020,2,2110985,884
2020,2,2110986,1028
2020,2,2110987,724
2020,2,2110988,622
2020,2,2110989,2236
2020,2,2110990,574
2020,2,2110991,1717
2020,2,2110992,2937
2020,2,2110993,57
2020,2,2110994,297
2020,2,2110995,784
2020,2,2110996,1541
2020,2,2110997,979
2020,2,2110998,222
2020,2,2110999,406
2020,2,2111000,180
2020,2,2111001,258
2020,2,2111002,124
2020,2,2111003,1436
2020,2,2111004,2991
2020,2,2111005,1171
2020,2,2111006,2087
2020,2,2111007,1005
2020,2,2111008,1322
2020,2,2111009,595
2020,2,2111010,1833
2020,2,2111011,311
2020,2,2111012,1903
2020,2,2111013,2275
2020,2,2111014,1887
2020,2,2111015,2760
2020,2,2111016,2193
2020,2,2111017,1107
2020,2,2111018,398
2020,2,2111019,1453
2020,2,2111020,674
2020,2,2111021,2097
2020,2,2111022,1339
2020,2,2111023,2174
2020,2,2111024,1741
2020,2,2111025,988
2020,2,2111026,2482
2020,2,2111027,1398
2020,2,2111028,2601
2020,2,2111029,665
2020,2,2111030,755
2020,2,2111031,860
2020,2,2111032,1024
2020,2,2111033,387
2020,2,2111034,643
2020,2,2111035,655
2020,2,2111036,567
2020,2,2111037,485
2020,2,2111038,592
2020,2,2111039,765
2020,2,2111040,539
2020,2,2111041,359
2020,2,2111042,1338
2020,2,2111043,511
2020,2,2111044,1039
2020,2,2111045,408
2020,2,2111046,1379
2020,2,2111047,420
2020,2,2111048,1432
2020,2,2111049,1388
2020,2,2111050,871
2020,2,2111051,2676
2020,2,2111052,1138
2020,2,2111053,1253
2020,2,2111054,759
2020,2,2111055,359
2020,2,2111056,1672
2020,2,2111057,1529
2020,2,2111058,733
2020,2,2111059,2995
2020,2,2111060,2021
2020,2,2111061,1790
2020,2,2111062,1335
2020,2,2111063,2081
2020,2,2111064,1601
2020,2,2111065,799
2020,2,2111066,1016
2020,2,2111067,2549
2020,2,2111068,1202
2020,2,2111069,1105
2020,2,2111070,850
2020,2,2111071,1012
2020,2,2111072,1390
2020,2,2111073,1977
2020,2,2111074,1002
2020,2,2111075,1510
2020,2,2111076,1030
2020,2,2111077,2741
2020,2,2111078,1718
2020,2,2111079,799
2020,2,2111080,1355
2020,2,2111081,548
2020,2,2111082,389
2020,2,2111083,892
2020,2,2111084,382
2020,2,2111085,438
2020,2,2111086,349
2020,2,2111087,133
2020,2,2111088,326
2020,2,2111089,551
2020,2,2111090,242
2020,3,2110001,175
2020,3,2110002,199
2020,3,2110003,403
2020,3,2110004,423
2020,3,2110005,398
2020,3,2110006,114
2020,3,2110007,714
2020,3,2110008,1245
2020,3,2110009,188
2020,3,2110010,410
2020,3,2110011,78
2020,3,2110012,2172
2020,3,2110013,1123
2020,3,2110014,200
2020,3,2110015,576
2020,3,2110016,180
2020,3,2110017,764
2020,3,2110018,971
2020,3,2110019,1883
2020,3,2110020,488
2020,3,2110021,1123
2020,3,2110022,823
2020,3,2110023,563
2020,3,2110024,679
2020,3,2110025,884
2020,3,2110026,1145
2020,3,2110027,709
2020,3,2110028,1070
2020,3,2110029,2242
2020,3,2110030,1674
2020,3,2110031,314
2020,3,2110032,5852
2020,3,2110033,689
2020,3,2110034,5246
2020,3,2110035,1748
2020,3,2110036,1127
2020,3,2110037,954
2020,3,2110038,481
2020,3,2110039,3249
2020,3,2110040,799
2020,3,2110041,1080
2020,3,2110042,636
2020,3,2110043,1265
2020,3,2110044,796
2020,3,2110045,1683
2020,3,2110046,499
2020,3,2110047,1006
2020,3,2110048,2573
2020,3,2110049,1220
2020,3,2110050,1016
2020,3,2110051,1362
2020,3,2110052,1137
2020,3,2110053,1328
2020,3,2110054,1177
2020,3,2110055,3386
2020,3,2110056,1878
2020,3,2110057,1189
2020,3,2110058,2591
2020,3,2110059,643
2020,3,2110060,1086
2020,3,2110061,689
2020,3,2110062,1225
2020,3,2110063,3049
2020,3,2110064,1054
2020,3,2110065,1849
2020,3,2110066,1077
2020,3,2110067,1562
2020,3,2110068,1936
2020,3,2110069,1640
2020,3,2110070,173
2020,3,2110071,322
2020,3,2110072,705
2020,3,2110073,769
2020,3,2110074,1395
2020,3,2110075,1687
2020,3,2110076,436
2020,3,2110077,682
2020,3,2110078,335
2020,3,2110079,1287
2020,3,2110080,633
2020,3,2110081,856
2020,3,2110082,1620
2020,3,2110083,140
2020,3,2110084,917
2020,3,2110085,1161
2020,3,2110086,2179
2020,3,2110087,1521
2020,3,2110088,688
2020,3,2110089,197
2020,3,2110090,732
2020,3,2110091,958
2020,3,2110092,927
2020,3,2110093,1894
2020,3,2110094,351
2020,3,2110095,1225
2020,3,2110096,209
2020,3,2110097,473
2020,3,2110098,501
2020,3,2110099,727
2020,3,2110100,234
2020,3,2110101,334
2020,3,2110102,545
2020,3,2110103,463
2020,3,2110104,839
2020,3,2110105,1055
2020,3,2110106,251
2020,3,2110107,717
2020,3,2110108,377
2020,3,2110109,534
2020,3,2110110,859
2020,3,2110111,182
2020,3,2110112,1060
2020,3,2110113,182
2020,3,2110114,882
2020,3,2110115,1579
2020,3,2110116,1436
2020,3,2110117,1367
2020,3,2110118,1168
2020,3,2110119,1201
2020,3,2110120,512
2020,3,2110121,698
2020,3,2110122,1071
2020,3,2110123,594
2020,3,2110124,975
2020,3,2110125,713
2020,3,2110126,991
2020,3,2110127,885
2020,3,2110128,1346
2020,3,2110129,954
2020,3,2110130,893
2020,3,2110131,2212
2020,3,2110132,826
2020,3,2110133,1502
2020,3,2110134,1254
2020,3,2110135,1068
2020,3,2110136,2440
2020,3,2110137,2135
2020,3,2110138,1007
2020,3,2110139,1127
2020,3,2110140,2481
2020,3,2110141,1638
2020,3,2110142,1683
2020,3,2110143,570
2020,3,2110144,1263
2020,3,2110145,753
2020,3,2110146,764
2020,3,2110147,1203
2020,3,2110148,785
2020,3,2110149,455
2020,3,2110150,1240
2020,3,2110151,954
2020,3,2110152,721
2020,3,2110153,1679
2020,3,2110154,1644
2020,3,2110155,1505
2020,3,2110156,1350
2020,3,2110157,904
2020,3,2110158,1339
2020,3,2110159,2426
2020,3,2110160,589
2020,3,2110161,1305
2020,3,2110162,1489
2020,3,2110163,821
2020,3,2110164,750
2020,3,2110165,1284
2020,3,2110166,1910
2020,3,2110167,1677
2020,3,2110168,540
2020,3,2110169,811
2020,3,2110170,1502
2020,3,2110171,754
2020,3,2110172,896
2020,3,2110173,1729
2020,3,2110174,1493
2020,3,2110175,1399
2020,3,2110176,974
2020,3,2110177,459
2020,3,2110178,387
2020,3,2110179,391
2020,3,2110180,566
2020,3,2110181,1600
2020,3,2110182,1102
2020,3,2110183,799
2020,3,2110184,957
2020,3,2110185,847
2020,3,2110186,606
2020,3,2110187,1179
2020,3,2110188,903
2020,3,2110189,1182
2020,3,2110190,1059
2020,3,2110191,698
2020,3,2110192,1588
2020,3,2110193,561
2020,3,2110194,1327
2020,3,2110195,2372
2020,3,2110196,478
2020,3,2110197,184
2020,3,2110198,1326
2020,3,2110199,1117
2020,3,2110200,782
2020,3,2110201,520
2020,3,2110202,534
2020,3,2110203,993
2020,3,2110204,873
2020,3,2110205,1326
2020,3,2110206,748
2020,3,2110207,966
2020,3,2110208,1081
2020,3,2110209,537
2020,3,2110210,1023
2020,3,2110211,1010
2020,3,2110212,1537
2020,3,2110213,914
2020,3,2110214,638
2020,3,2110215,862
2020,3,2110216,732
2020,3,2110217,1851
2020,3,2110218,1136
2020,3,2110219,970
2020,3,2110220,1159
2020,3,2110221,411
2020,3,2110222,378
2020,3,2110223,1525
2020,3,2110224,786
2020,3,2110225,1327
2020,3,2110226,2760
2020,3,2110227,1024
2020,3,2110228,1997
2020,3,2110229,1718
2020,3,2110230,1629
2020,3,2110231,391
2020,3,2110232,1054
2020,3,2110233,948
2020,3,2110234,952
2020,3,2110235,494
2020,3,2110236,1378
2020,3,2110237,1239
2020,3,2110238,660
2020,3,2110239,599
2020,3,2110240,936
2020,3,2110241,1331
2020,3,2110242,649
2020,3,2110243,1180
2020,3,2110244,1131
2020,3,2110245,966
2020,3,2110246,1274
2020,3,2110247,1249
2020,3,2110248,689
2020,3,2110249,1345
2020,3,2110250,674
2020,3,2110251,954
2020,3,2110252,851
2020,3,2110253,815
2020,3,2110254,1110
2020,3,2110255,1511
2020,3,2110256,1612
2020,3,2110257,910
2020,3,2110258,1196
2020,3,2110259,1466
2020,3,2110260,1070
2020,3,2110261,1638
2020,3,2110262,1356
2020,3,2110263,1607
2020,3,2110264,1714
2020,3,2110265,1803
2020,3,2110266,1387
2020,3,2110267,1202
2020,3,2110268,935
2020,3,2110269,825
2020,3,2110270,611
2020,3,2110271,477
2020,3,2110272,1085
2020,3,2110273,1096
2020,3,2110274,933
2020,3,2110275,1134
2020,3,2110276,159
2020,3,2110277,1342
2020,3,2110278,1062
2020,3,2110279,245
2020,3,2110280,203
2020,3,2110281,168
2020,3,2110282,196
2020,3,2110283,361
2020,3,2110284,180
2020,3,2110285,423
2020,3,2110286,851
2020,3,2110287,267
2020,3,2110288,775
2020,3,2110289,867
2020,3,2110290,370
2020,3,2110291,1070
2020,3,2110292,531
2020,3,2110293,1519
2020,3,2110294,883
2020,3,2110295,1033
2020,3,2110296,1315
2020,3,2110297,2154
2020,3,2110298,638
2020,3,2110299,1163
2020,3,2110300,2270
2020,3,2110301,1510
2020,3,2110302,789
2020,3,2110303,1596
2020,3,2110304,1135
2020,3,2110305,965
2020,3,2110306,587
2020,3,2110307,818
2020,3,2110308,916
2020,3,2110309,942
2020,3,2110310,549
2020,3,2110311,101
2020,3,2110312,584
2020,3,2110313,1133
2020,3,2110314,1073
2020,3,2110315,790
2020,3,2110316,1931
2020,3,2110317,433
2020,3,2110318,1140
2020,3,2110319,940
2020,3,2110320,443
2020,3,2110321,576
2020,3,2110322,339
2020,3,2110323,706
2020,3,2110324,744
2020,3,2110325,610
2020,3,2110326,364
2020,3,2110327,613
2020,3,2110328,483
2020,3,2110329,497
2020,3,2110330,771
2020,3,2110331,935
2020,3,2110332,663
2020,3,2110333,1039
2020,3,2110334,877
2020,3,2110335,1086
2020,3,2110336,564
2020,3,2110337,331
2020,3,2110338,225
2020,3,2110339,318
2020,3,2110340,380
2020,3,2110341,218
2020,3,2110342,336
2020,3,2110343,718
2020,3,2110344,183
2020,3,2110345,479
2020,3,2110346,538
2020,3,2110347,156
2020,3,2110348,794
2020,3,2110349,371
2020,3,2110350,604
2020,3,2110351,641
2020,3,2110352,626
2020,3,2110353,902
2020,3,2110354,640
2020,3,2110355,981
2020,3,2110356,754
2020,3,2110357,984
2020,3,2110358,1397
2020,3,2110359,1719
2020,3,2110360,1632
2020,3,2110361,809
2020,3,2110362,922
2020,3,2110363,705
2020,3,2110364,1415
2020,3,2110365,1219
2020,3,2110366,1162
2020,3,2110367,2188
2020,3,2110368,1131
2020,3,2110369,1913
2020,3,2110370,1232
2020,3,2110371,1005
2020,3,2110372,1260
2020,3,2110373,1844
2020,3,2110374,1274
2020,3,2110375,565
2020,3,2110376,1992
2020,3,2110377,1518
2020,3,2110378,797
2020,3,2110379,277
2020,3,2110380,317
2020,3,2110381,328
2020,3,2110382,359
2020,3,2110383,336
2020,3,2110384,303
2020,3,2110385,189
2020,3,2110386,103
2020,3,2110387,409
2020,3,2110388,610
2020,3,2110389,602
2020,3,2110390,825
2020,3,2110391,400
2020,3,2110392,413
2020,3,2110393,494
2020,3,2110394,1231
2020,3,2110395,1020
2020,3,2110396,1141
2020,3,2110397,864
2020,3,2110398,1100
2020,3,2110399,1195
2020,3,2110400,1209
2020,3,2110401,884
2020,3,2110402,1106
2020,3,2110403,1653
2020,3,2110404,1184
2020,3,2110405,1494
2020,3,2110406,559
2020,3,2110407,1115
2020,3,2110408,804
2020,3,2110409,1115
2020,3,2110410,1573
2020,3,2110411,923
2020,3,2110412,181
2020,3,2110413,516
2020,3,2110414,261
2020,3,2110415,1269
2020,3,2110416,657
2020,3,2110417,292
2020,3,2110418,511
2020,3,2110419,1112
2020,3,2110420,590
2020,3,2110421,819
2020,3,2110422,1055
2020,3,2110423,1154
2020,3,2110424,1512
2020,3,2110425,1930
2020,3,2110426,1528
2020,3,2110427,346
2020,3,2110428,1817
2020,3,2110429,1701
2020,3,2110430,843
2020,3,2110431,1224
2020,3,2110432,459
2020,3,2110433,1663
2020,3,2110434,1343
2020,3,2110435,400
2020,3,2110436,920
2020,3,2110437,728
2020,3,2110438,1216
2020,3,2110439,507
2020,3,2110440,342
2020,3,2110441,350
2020,3,2110442,125
2020,3,2110443,291
2020,3,2110444,451
2020,3,2110445,369
2020,3,2110446,245
2020,3,2110447,301
2020,3,2110448,424
2020,3,2110449,671
2020,3,2110450,1103
2020,3,2110451,851
2020,3,2110452,887
2020,3,2110453,1341
2020,3,2110454,1067
2020,3,2110455,1410
2020,3,2110456,1149
2020,3,2110457,1080
2020,3,2110458,1088
2020,3,2110459,1351
2020,3,2110460,1343
2020,3,2110461,981
2020,3,2110462,645
2020,3,2110463,1050
2020,3,2110464,1690
2020,3,2110465,1944
2020,3,2110466,1152
2020,3,2110467,780
2020,3,2110468,1979
2020,3,2110469,1672
2020,3,2110470,1149
2020,3,2110471,1438
2020,3,2110472,1852
2020,3,2110473,1588
2020,3,2110474,799
2020,3,2110475,1072
2020,3,2110476,671
2020,3,2110477,1470
2020,3,2110478,1097
2020,3,2110479,1322
2020,3,2110480,1068
2020,3,2110481,1821
2020,3,2110482,282
2020,3,2110483,639
2020,3,2110484,2000
2020,3,2110485,578
2020,3,2110486,1004
2020,3,2110487,1426
2020,3,2110488,990
2020,3,2110489,991
2020,3,2110490,769
2020,3,2110491,217
2020,3,2110492,76
2020,3,2110493,265
2020,3,2110494,363
2020,3,2110495,1218
2020,3,2110496,1031
2020,3,2110497,764
2020,3,2110498,1406
2020,3,2110499,731
2020,3,2110500,554
2020,3,2110501,680
2020,3,2110502,1074
2020,3,2110503,893
2020,3,2110504,265
2020,3,2110505,458
2020,3,2110506,864
2020,3,2110507,1217
2020,3,2110508,1076
2020,3,2110509,2063
2020,3,2110510,372
2020,3,2110511,1187
2020,3,2110512,481
2020,3,2110513,657
2020,3,2110514,1932
2020,3,2110515,119
2020,3,2110516,314
2020,3,2110517,303
2020,3,2110518,310
2020,3,2110519,357
2020,3,2110520,2143
2020,3,2110521,984
2020,3,2110522,757
2020,3,2110523,184
2020,3,2110524,371
2020,3,2110525,925
2020,3,2110526,385
2020,3,2110527,1378
2020,3,2110528,883
2020,3,2110529,1180
2020,3,2110530,903
2020,3,2110531,179
2020,3,2110532,880
2020,3,2110533,769
2020,3,2110534,558
2020,3,2110535,782
2020,3,2110536,892
2020,3,2110537,950
2020,3,2110538,866
2020,3,2110539,1060
2020,3,2110540,450
2020,3,2110541,1221
2020,3,2110542,1043
2020,3,2110543,353
2020,3,2110544,2698
2020,3,2110545,852
2020,3,2110546,681
2020,3,2110547,1698
2020,3,2110548,1234
2020,3,2110549,868
2020,3,2110550,1915
2020,3,2110551,1317
2020,3,2110552,641
2020,3,2110553,737
2020,3,2110554,1910
2020,3,2110555,1234
2020,3,2110556,337
2020,3,2110557,1480
2020,3,2110558,1493
2020,3,2110559,2036
2020,3,2110560,1292
2020,3,2110561,1490
2020,3,2110562,1993
2020,3,2110563,752
2020,3,2110564,2270
2020,3,2110565,1603
2020,3,2110566,3579
2020,3,2110567,508
2020,3,2110568,504
2020,3,2110569,1944
2020,3,2110570,463
2020,3,2110571,1003
2020,3,2110572,2122
2020,3,2110573,763
2020,3,2110574,659
2020,3,2110575,1216
2020,3,2110576,1224
2020,3,2110577,1321
2020,3,2110578,1139
2020,3,2110579,792
2020,3,2110580,566
2020,3,2110581,1179
2020,3,2110582,1069
2020,3,2110583,807
2020,3,2110584,1010
2020,3,2110585,936
2020,3,2110586,1764
2020,3,2110587,1116
2020,3,2110588,585
2020,3,2110589,582
2020,3,2110590,520
2020,3,2110591,773
2020,3,2110592,667
2020,3,2110593,715
2020,3,2110594,359
2020,3,2110595,1274
2020,3,2110596,622
2020,3,2110597,1539
2020,3,2110598,726
2020,3,2110599,1208
2020,3,2110600,773
2020,3,2110601,1140
2020,3,2110602,639
2020,3,2110603,427
2020,3,2110604,996
2020,3,2110605,601
2020,3,2110606,1252
2020,3,2110607,669
2020,3,2110608,1145
2020,3,2110609,901
2020,3,2110610,440
2020,3,2110611,1143
2020,3,2110612,1910
2020,3,2110613,1082
2020,3,2110614,1470
2020,3,2110615,928
2020,3,2110616,978
2020,3,2110617,1155
2020,3,2110618,1581
2020,3,2110619,889
2020,3,2110620,1202
2020,3,2110621,1274
2020,3,2110622,996
2020,3,2110623,330
2020,3,2110624,381
2020,3,2110625,1193
2020,3,2110626,894
2020,3,2110627,1205
2020,3,2110628,385
2020,3,2110629,1108
2020,3,2110630,1573
2020,3,2110631,1003
2020,3,2110632,1001
2020,3,2110633,897
2020,3,2110634,1098
2020,3,2110635,1084
2020,3,2110636,1049
2020,3,2110637,837
2020,3,2110638,1805
2020,3,2110639,989
2020,3,2110640,446
2020,3,2110641,552
2020,3,2110642,83
2020,3,2110643,1252
2020,3,2110644,726
2020,3,2110645,1240
2020,3,2110646,1991
2020,3,2110647,1879
2020,3,2110648,965
2020,3,2110649,1025
2020,3,2110650,616
2020,3,2110651,1381
2020,3,2110652,714
2020,3,2110653,1646
2020,3,2110654,2270
2020,3,2110655,1695
2020,3,2110656,1758
2020,3,2110657,1453
2020,3,2110658,1194
2020,3,2110659,1602
2020,3,2110660,1891
2020,3,2110661,786
2020,3,2110662,1588
2020,3,2110663,912
2020,3,2110664,920
2020,3,2110665,1699
2020,3,2110666,434
2020,3,2110667,892
2020,3,2110668,1883
2020,3,2110669,740
2020,3,2110670,787
2020,3,2110671,1821
2020,3,2110672,429
2020,3,2110673,1666
2020,3,2110674,405
2020,3,2110675,1452
2020,3,2110676,949
2020,3,2110677,923
2020,3,2110678,507
2020,3,2110679,741
2020,3,2110680,231
2020,3,2110681,280
2020,3,2110682,268
2020,3,2110683,184
2020,3,2110684,215
2020,3,2110685,174
2020,3,2110686,565
2020,3,2110687,306
2020,3,2110688,599
2020,3,2110689,962
2020,3,2110690,1248
2020,3,2110691,575
2020,3,2110692,802
2020,3,2110693,508
2020,3,2110694,1055
2020,3,2110695,1272
2020,3,2110696,963
2020,3,2110697,480
2020,3,2110698,1000
2020,3,2110699,503
2020,3,2110700,1083
2020,3,2110701,615
2020,3,2110702,852
2020,3,2110703,1375
2020,3,2110704,823
2020,3,2110705,791
2020,3,2110706,784
2020,3,2110707,743
2020,3,2110708,880
2020,3,2110709,603
2020,3,2110710,3755
2020,3,2110711,1430
2020,3,2110712,1728
2020,3,2110713,1765
2020,3,2110714,2035
2020,3,2110715,1094
2020,3,2110716,1010
2020,3,2110717,3415
2020,3,2110718,1760
2020,3,2110719,1163
2020,3,2110720,1430
2020,3,2110721,1717
2020,3,2110722,2197
2020,3,2110723,2904
2020,3,2110724,1507
2020,3,2110725,2453
2020,3,2110726,161
2020,3,2110727,1166
2020,3,2110728,1673
2020,3,2110729,1676
2020,3,2110730,1325
2020,3,2110731,1125
2020,3,2110732,1411
2020,3,2110733,715
2020,3,2110734,900
2020,3,2110735,1461
2020,3,2110736,1832
2020,3,2110737,1277
2020,3,2110738,1605
2020,3,2110739,840
2020,3,2110740,1682
2020,3,2110741,925
2020,3,2110742,593
2020,3,2110743,1774
2020,3,2110744,1324
2020,3,2110745,782
2020,3,2110746,1330
2020,3,2110747,151
2020,3,2110748,868
2020,3,2110749,916
2020,3,2110750,866
2020,3,2110751,996
2020,3,2110752,906
2020,3,2110753,1016
2020,3,2110754,1045
2020,3,2110755,698
2020,3,2110756,601
2020,3,2110757,697
2020,3,2110758,923
2020,3,2110759,2021
2020,3,2110760,1081
2020,3,2110761,1078
2020,3,2110762,1372
2020,3,2110763,1078
2020,3,2110764,977
2020,3,2110765,1776
2020,3,2110766,1818
2020,3,2110767,1522
2020,3,2110768,1171
2020,3,2110769,955
2020,3,2110770,1521
2020,3,2110771,1146
2020,3,2110772,621
2020,3,2110773,749
2020,3,2110774,949
2020,3,2110775,1017
2020,3,2110776,1181
2020,3,2110777,1459
2020,3,2110778,2196
2020,3,2110779,464
2020,3,2110780,478
2020,3,2110781,1091
2020,3,2110782,1532
2020,3,2110783,1093
2020,3,2110784,749
2020,3,2110785,760
2020,3,2110786,858
2020,3,2110787,866
2020,3,2110788,1319
2020,3,2110789,1137
2020,3,2110790,942
2020,3,2110791,374
2020,3,2110792,1430
2020,3,2110793,492
2020,3,2110794,771
2020,3,2110795,972
2020,3,2110796,759
2020,3,2110797,399
2020,3,2110798,521
2020,3,2110799,934
2020,3,2110800,1210
2020,3,2110801,365
2020,3,2110802,591
2020,3,2110803,922
2020,3,2110804,944
2020,3,2110805,482
2020,3,2110806,281
2020,3,2110807,1037
2020,3,2110808,978
2020,3,2110809,724
2020,3,2110810,1136
2020,3,2110811,882
2020,3,2110812,816
2020,3,2110813,1070
2020,3,2110814,891
2020,3,2110815,1114
2020,3,2110816,561
2020,3,2110817,719
2020,3,2110818,834
2020,3,2110819,1379
2020,3,2110820,623
2020,3,2110821,1106
2020,3,2110822,852
2020,3,2110823,1355
2020,3,2110824,417
2020,3,2110825,1352
2020,3,2110826,1279
2020,3,2110827,1090
2020,3,2110828,1766
2020,3,2110829,945
2020,3,2110830,752
2020,3,2110831,439
2020,3,2110832,1926
2020,3,2110833,808
2020,3,2110834,690
2020,3,2110835,727
2020,3,2110836,1017
2020,3,2110837,1091
2020,3,2110838,498
2020,3,2110839,575
2020,3,2110840,796
2020,3,2110841,592
2020,3,2110842,800
2020,3,2110843,321
2020,3,2110844,196
2020,3,2110845,114
2020,3,2110846,1198
2020,3,2110847,478
2020,3,2110848,1463
2020,3,2110849,2017
2020,3,2110850,2541
2020,3,2110851,1343
2020,3,2110852,1334
2020,3,2110853,1581
2020,3,2110854,827
2020,3,2110855,1589
2020,3,2110856,1200
2020,3,2110857,746
2020,3,2110858,752
2020,3,2110859,177
2020,3,2110860,948
2020,3,2110861,1620
2020,3,2110862,830
2020,3,2110863,901
2020,3,2110864,700
2020,3,2110865,971
2020,3,2110866,542
2020,3,2110867,1202
2020,3,2110868,1301
2020,3,2110869,2883
2020,3,2110870,67
2020,3,2110871,1477
2020,3,2110872,530
2020,3,2110873,1475
2020,3,2110874,813
2020,3,2110875,946
2020,3,2110876,989
2020,3,2110877,2246
2020,3,2110878,248
2020,3,2110879,935
2020,3,2110880,1187
2020,3,2110881,1661
2020,3,2110882,1345
2020,3,2110883,1033
2020,3,2110884,1213
2020,3,2110885,538
2020,3,2110886,820
2020,3,2110887,651
2020,3,2110888,686
2020,3,2110889,1002
2020,3,2110890,1165
2020,3,2110891,686
2020,3,2110892,2796
2020,3,2110893,124
2020,3,2110894,340
2020,3,2110895,2105
2020,3,2110896,813
2020,3,2110897,2226
2020,3,2110898,411
2020,3,2110899,898
2020,3,2110900,1171
2020,3,2110901,657
2020,3,2110902,1293
2020,3,2110903,1239
2020,3,2110904,1338
2020,3,2110905,949
2020,3,2110906,828
2020,3,2110907,1717
2020,3,2110908,627
2020,3,2110909,52
2020,3,2110910,1128
2020,3,2110911,312
2020,3,2110912,644
2020,3,2110913,551
2020,3,2110914,1007
2020,3,2110915,593
2020,3,2110916,1562
2020,3,2110917,212
2020,3,2110918,1101
2020,3,2110919,922
2020,3,2110920,688
2020,3,2110921,612
2020,3,2110922,1171
2020,3,2110923,676
2020,3,2110924,970
2020,3,2110925,781
2020,3,2110926,1009
2020,3,2110927,376
2020,3,2110928,1975
2020,3,2110929,2421
2020,3,2110930,1244
2020,3,2110931,55
2020,3,2110932,560
2020,3,2110933,571
2020,3,2110934,267
2020,3,2110935,704
2020,3,2110936,463
2020,3,2110937,698
2020,3,2110938,490
2020,3,2110939,2437
2020,3,2110940,1058
2020,3,2110941,644
2020,3,2110942,1930
2020,3,2110943,1405
2020,3,2110944,180
2020,3,2110945,159
2020,3,2110946,167
2020,3,2110947,191
2020,3,2110948,57
2020,3,2110949,1721
2020,3,2110950,1416
2020,3,2110951,2194
2020,3,2110952,1253
2020,3,2110953,1689
2020,3,2110954,2446
2020,3,2110955,2628
2020,3,2110956,1550
2020,3,2110957,1712
2020,3,2110958,2391
2020,3,2110959,1291
2020,3,2110960,1304
2020,3,2110961,1777
2020,3,2110962,1348
2020,3,2110963,1669
2020,3,2110964,705
2020,3,2110965,1625
2020,3,2110966,2242
2020,3,2110967,2132
2020,3,2110968,1663
2020,3,2110969,2421
2020,3,2110970,1240
2020,3,2110971,2816
2020,3,2110972,1293
2020,3,2110973,1590
2020,3,2110974,905
2020,3,2110975,504
2020,3,2110976,1510
2020,3,2110977,1481
2020,3,2110978,589
2020,3,2110979,1265
2020,3,2110980,1214
2020,3,2110981,1920
2020,3,2110982,498
2020,3,2110983,988
2020,3,2110984,858
2020,3,2110985,879
2020,3,2110986,1025
2020,3,2110987,724
2020,3,2110988,624
2020,3,2110989,2260
2020,3,2110990,567
2020,3,2110991,1698
2020,3,2110992,2947
2020,3,2110993,56
2020,3,2110994,291
2020,3,2110995,780
2020,3,2110996,1534
2020,3,2110997,978
2020,3,2110998,227
2020,3,2110999,409
2020,3,2111000,177
2020,3,2111001,250
2020,3,2111002,124
2020,3,2111003,1431
2020,3,2111004,2980
2020,3,2111005,1171
2020,3,2111006,2108
2020,3,2111007,1006
2020,3,2111008,1329
2020,3,2111009,596
2020,3,2111010,1842
2020,3,2111011,309
2020,3,2111012,1907
2020,3,2111013,2269
2020,3,2111014,1888
2020,3,2111015,2760
2020,3,2111016,2181
2020,3,2111017,1115
2020,3,2111018,390
2020,3,2111019,1462
2020,3,2111020,685
2020,3,2111021,2105
2020,3,2111022,1335
2020,3,2111023,2190
2020,3,2111024,1726
2020,3,2111025,984
2020,3,2111026,2505
2020,3,2111027,1383
2020,3,2111028,2589
2020,3,2111029,676
2020,3,2111030,752
2020,3,2111031,859
2020,3,2111032,1022
2020,3,2111033,384
2020,3,2111034,648
2020,3,2111035,660
2020,3,2111036,558
2020,3,2111037,486
2020,3,2111038,587
2020,3,2111039,768
2020,3,2111040,541
2020,3,2111041,355
2020,3,2111042,1339
2020,3,2111043,515
2020,3,2111044,1042
2020,3,2111045,407
2020,3,2111046,1378
2020,3,2111047,419
2020,3,2111048,1400
2020,3,2111049,1373
2020,3,2111050,862
2020,3,2111051,2646
2020,3,2111052,1145
2020,3,2111053,1253
2020,3,2111054,750
2020,3,2111055,355
2020,3,2111056,1655
2020,3,2111057,1504
2020,3,2111058,723
2020,3,2111059,2963
2020,3,2111060,2012
2020,3,2111061,1767
2020,3,2111062,1338
2020,3,2111063,2066
2020,3,2111064,1604
2020,3,2111065,796
2020,3,2111066,1003
2020,3,2111067,2557
2020,3,2111068,1201
2020,3,2111069,1097
2020,3,2111070,843
2020,3,2111071,1004
2020,3,2111072,1396
2020,3,2111073,1980
2020,3,2111074,995
2020,3,2111075,1497
2020,3,2111076,1024
2020,3,2111077,2734
2020,3,2111078,1726
2020,3,2111079,793
2020,3,2111080,1341
2020,3,2111081,545
2020,3,2111082,388
2020,3,2111083,897
2020,3,2111084,386
2020,3,2111085,439
2020,3,2111086,346
2020,3,2111087,136
2020,3,2111088,343
2020,3,2111089,569
2020,3,2111090,239
2020,4,2110001,177
2020,4,2110002,199
2020,4,2110003,398
2020,4,2110004,422
2020,4,2110005,395
2020,4,2110006,115
2020,4,2110007,710
2020,4,2110008,1252
2020,4,2110009,189
2020,4,2110010,412
2020,4,2110011,77
2020,4,2110012,2170
2020,4,2110013,1124
2020,4,2110014,198
2020,4,2110015,579
2020,4,2110016,176
2020,4,2110017,753
2020,4,2110018,966
2020,4,2110019,1872
2020,4,2110020,490
2020,4,2110021,1128
2020,4,2110022,832
2020,4,2110023,563
2020,4,2110024,688
2020,4,2110025,884
2020,4,2110026,1141
2020,4,2110027,702
2020,4,2110028,1071
2020,4,2110029,2230
2020,4,2110030,1662
2020,4,2110031,309
2020,4,2110032,5752
2020,4,2110033,680
2020,4,2110034,5161
2020,4,2110035,1733
2020,4,2110036,1129
2020,4,2110037,957
2020,4,2110038,479
2020,4,2110039,3194
2020,4,2110040,792
2020,4,2110041,1072
2020,4,2110042,630
2020,4,2110043,1259
2020,4,2110044,790
2020,4,2110045,1653
2020,4,2110046,500
2020,4,2110047,1000
2020,4,2110048,2528
2020,4,2110049,1207
2020,4,2110050,1002
2020,4,2110051,1346
2020,4,2110052,1132
2020,4,2110053,1327
2020,4,2110054,1164
2020,4,2110055,3332
2020,4,2110056,1896
2020,4,2110057,1209
2020,4,2110058,2563
2020,4,2110059,632
2020,4,2110060,1092
2020,4,2110061,697
2020,4,2110062,1234
2020,4,2110063,3047
2020,4,2110064,1052
2020,4,2110065,1845
2020,4,2110066,1066
2020,4,2110067,1552
2020,4,2110068,1936
2020,4,2110069,1632
2020,4,2110070,171
2020,4,2110071,324
2020,4,2110072,706
2020,4,2110073,765
2020,4,2110074,1382
2020,4,2110075,1680
2020,4,2110076,435
2020,4,2110077,682
2020,4,2110078,332
2020,4,2110079,1284
2020,4,2110080,645
2020,4,2110081,859
2020,4,2110082,1603
2020,4,2110083,140
2020,4,2110084,912
2020,4,2110085,1158
2020,4,2110086,2159
2020,4,2110087,1507
2020,4,2110088,689
2020,4,2110089,199
2020,4,2110090,735
2020,4,2110091,952
2020,4,2110092,927
2020,4,2110093,1884
2020,4,2110094,351
2020,4,2110095,1228
2020,4,2110096,211
2020,4,2110097,479
2020,4,2110098,504
2020,4,2110099,737
2020,4,2110100,244
2020,4,2110101,345
2020,4,2110102,561
2020,4,2110103,459
2020,4,2110104,847
2020,4,2110105,1062
2020,4,2110106,253
2020,4,2110107,730
2020,4,2110108,384
2020,4,2110109,543
2020,4,2110110,876
2020,4,2110111,181
2020,4,2110112,1066
2020,4,2110113,182
2020,4,2110114,873
2020,4,2110115,1570
2020,4,2110116,1434
2020,4,2110117,1354
2020,4,2110118,1155
2020,4,2110119,1193
2020,4,2110120,530
2020,4,2110121,686
2020,4,2110122,1076
2020,4,2110123,601
2020,4,2110124,986
2020,4,2110125,713
2020,4,2110126,997
2020,4,2110127,889
2020,4,2110128,1345
2020,4,2110129,952
2020,4,2110130,887
2020,4,2110131,2204
2020,4,2110132,819
2020,4,2110133,1504
2020,4,2110134,1249
2020,4,2110135,1076
2020,4,2110136,2430
2020,4,2110137,2151
2020,4,2110138,1022
2020,4,2110139,1125
2020,4,2110140,2470
2020,4,2110141,1643
2020,4,2110142,1684
2020,4,2110143,569
2020,4,2110144,1254
2020,4,2110145,747
2020,4,2110146,755
2020,4,2110147,1187
2020,4,2110148,784
2020,4,2110149,449
2020,4,2110150,1237
2020,4,2110151,946
2020,4,2110152,725
2020,4,2110153,1671
2020,4,2110154,1636
2020,4,2110155,1492
2020,4,2110156,1340
2020,4,2110157,901
2020,4,2110158,1355
2020,4,2110159,2415
2020,4,2110160,588
2020,4,2110161,1319
2020,4,2110162,1490
2020,4,2110163,816
2020,4,2110164,751
2020,4,2110165,1289
2020,4,2110166,1905
2020,4,2110167,1683
2020,4,2110168,542
2020,4,2110169,807
2020,4,2110170,1505
2020,4,2110171,755
2020,4,2110172,903
2020,4,2110173,1719
2020,4,2110174,1494
2020,4,2110175,1404
2020,4,2110176,974
2020,4,2110177,458
2020,4,2110178,385
2020,4,2110179,392
2020,4,2110180,560
2020,4,2110181,1602
2020,4,2110182,1109
2020,4,2110183,797
2020,4,2110184,956
2020,4,2110185,850
2020,4,2110186,611
2020,4,2110187,1173
2020,4,2110188,901
2020,4,2110189,1180
2020,4,2110190,1058
2020,4,2110191,694
2020,4,2110192,1577
2020,4,2110193,558
2020,4,2110194,1323
2020,4,2110195,2352
2020,4,2110196,481
2020,4,2110197,183
2020,4,2110198,1316
2020,4,2110199,1112
2020,4,2110200,779
2020,4,2110201,522
2020,4,2110202,528
2020,4,2110203,988
2020,4,2110204,875
2020,4,2110205,1317
2020,4,2110206,740
2020,4,2110207,960
2020,4,2110208,1077
2020,4,2110209,536
2020,4,2110210,1015
2020,4,2110211,1006
2020,4,2110212,1534
2020,4,2110213,914
2020,4,2110214,636
2020,4,2110215,855
2020,4,2110216,734
2020,4,2110217,1844
2020,4,2110218,1139
2020,4,2110219,961
2020,4,2110220,1154
2020,4,2110221,414
2020,4,2110222,375
2020,4,2110223,1527
2020,4,2110224,776
2020,4,2110225,1322
2020,4,2110226,2752
2020,4,2110227,1019
2020,4,2110228,1999
2020,4,2110229,1717
2020,4,2110230,1632
2020,4,2110231,390
2020,4,2110232,1058
2020,4,2110233,945
2020,4,2110234,950
2020,4,2110235,488
2020,4,2110236,1378
2020,4,2110237,1235
2020,4,2110238,649
2020,4,2110239,594
2020,4,2110240,927
2020,4,2110241,1329
2020,4,2110242,644
2020,4,2110243,1179
2020,4,2110244,1120
2020,4,2110245,954
2020,4,2110246,1272
2020,4,2110247,1244
2020,4,2110248,690
2020,4,2110249,1340
2020,4,2110250,677
2020,4,2110251,944
2020,4,2110252,857
2020,4,2110253,816
2020,4,2110254,1109
2020,4,2110255,1524
2020,4,2110256,1619
2020,4,2110257,914
2020,4,2110258,1197
2020,4,2110259,1458
2020,4,2110260,1069
2020,4,2110261,1629
2020,4,2110262,1356
2020,4,2110263,1605
2020,4,2110264,1704
2020,4,2110265,1813
2020,4,2110266,1382
2020,4,2110267,1206
2020,4,2110268,931
2020,4,2110269,816
2020,4,2110270,611
2020,4,2110271,480
2020,4,2110272,1088
2020,4,2110273,1095
2020,4,2110274,927
2020,4,2110275,1135
2020,4,2110276,164
2020,4,2110277,1337
2020,4,2110278,1060
2020,4,2110279,250
2020,4,2110280,202
2020,4,2110281,165
2020,4,2110282,186
2020,4,2110283,362
2020,4,2110284,184
2020,4,2110285,420
2020,4,2110286,851
2020,4,2110287,266
2020,4,2110288,775
2020,4,2110289,868
2020,4,2110290,369
2020,4,2110291,1056
2020,4,2110292,530
2020,4,2110293,1519
2020,4,2110294,881
2020,4,2110295,1030
2020,4,2110296,1323
2020,4,2110297,2132
2020,4,2110298,633
2020,4,2110299,1161
2020,4,2110300,2256
2020,4,2110301,1524
2020,4,2110302,780
2020,4,2110303,1607
2020,4,2110304,1125
2020,4,2110305,954
2020,4,2110306,585
2020,4,2110307,817
2020,4,2110308,912
2020,4,2110309,937
2020,4,2110310,547
2020,4,2110311,100
2020,4,2110312,578
2020,4,2110313,1128
2020,4,2110314,1077
2020,4,2110315,787
2020,4,2110316,1937
2020,4,2110317,431
2020,4,2110318,1153
2020,4,2110319,941
2020,4,2110320,444
2020,4,2110321,592
2020,4,2110322,336
2020,4,2110323,704
2020,4,2110324,741
2020,4,2110325,612
2020,4,2110326,364
2020,4,2110327,610
2020,4,2110328,482
2020,4,2110329,494
2020,4,2110330,768
2020,4,2110331,936
2020,4,2110332,662
2020,4,2110333,1038
2020,4,2110334,880
2020,4,2110335,1089
2020,4,2110336,567
2020,4,2110337,328
2020,4,2110338,221
2020,4,2110339,320
2020,4,2110340,375
2020,4,2110341,213
2020,4,2110342,339
2020,4,2110343,718
2020,4,2110344,180
2020,4,2110345,473
2020,4,2110346,540
2020,4,2110347,159
2020,4,2110348,793
2020,4,2110349,372
2020,4,2110350,605
2020,4,2110351,637
2020,4,2110352,622
2020,4,2110353,901
2020,4,2110354,639
2020,4,2110355,986
2020,4,2110356,752
2020,4,2110357,972
2020,4,2110358,1383
2020,4,2110359,1699
2020,4,2110360,1619
2020,4,2110361,807
2020,4,2110362,913
2020,4,2110363,699
2020,4,2110364,1412
2020,4,2110365,1219
2020,4,2110366,1159
2020,4,2110367,2170
2020,4,2110368,1128
2020,4,2110369,1897
2020,4,2110370,1222
2020,4,2110371,994
2020,4,2110372,1265
2020,4,2110373,1840
2020,4,2110374,1261
2020,4,2110375,568
2020,4,2110376,2001
2020,4,2110377,1514
2020,4,2110378,792
2020,4,2110379,274
2020,4,2110380,318
2020,4,2110381,325
2020,4,2110382,355
2020,4,2110383,337
2020,4,2110384,299
2020,4,2110385,189
2020,4,2110386,104
2020,4,2110387,411
2020,4,2110388,609
2020,4,2110389,606
2020,4,2110390,823
2020,4,2110391,391
2020,4,2110392,405
2020,4,2110393,493
2020,4,2110394,1225
2020,4,2110395,1027
2020,4,2110396,1137
2020,4,2110397,846
2020,4,2110398,1097
2020,4,2110399,1201
2020,4,2110400,1208
2020,4,2110401,881
2020,4,2110402,1111
2020,4,2110403,1657
2020,4,2110404,1184
2020,4,2110405,1487
2020,4,2110406,550
2020,4,2110407,1115
2020,4,2110408,804
2020,4,2110409,1110
2020,4,2110410,1568
2020,4,2110411,915
2020,4,2110412,182
2020,4,2110413,502
2020,4,2110414,262
2020,4,2110415,1275
2020,4,2110416,653
2020,4,2110417,292
2020,4,2110418,510
2020,4,2110419,1114
2020,4,2110420,579
2020,4,2110421,820
2020,4,2110422,1053
2020,4,2110423,1144
2020,4,2110424,1528
2020,4,2110425,1947
2020,4,2110426,1537
2020,4,2110427,346
2020,4,2110428,1823
2020,4,2110429,1688
2020,4,2110430,850
2020,4,2110431,1230
2020,4,2110432,461
2020,4,2110433,1658
2020,4,2110434,1340
2020,4,2110435,400
2020,4,2110436,924
2020,4,2110437,726
2020,4,2110438,1214
2020,4,2110439,504
2020,4,2110440,345
2020,4,2110441,347
2020,4,2110442,126
2020,4,2110443,293
2020,4,2110444,443
2020,4,2110445,374
2020,4,2110446,246
2020,4,2110447,299
2020,4,2110448,420
2020,4,2110449,669
2020,4,2110450,1101
2020,4,2110451,851
2020,4,2110452,888
2020,4,2110453,1331
2020,4,2110454,1061
2020,4,2110455,1405
2020,4,2110456,1137
2020,4,2110457,1068
2020,4,2110458,1083
2020,4,2110459,1348
2020,4,2110460,1331
2020,4,2110461,980
2020,4,2110462,644
2020,4,2110463,1055
2020,4,2110464,1671
2020,4,2110465,1934
2020,4,2110466,1144
2020,4,2110467,780
2020,4,2110468,1980
2020,4,2110469,1667
2020,4,2110470,1158
2020,4,2110471,1449
2020,4,2110472,1842
2020,4,2110473,1578
2020,4,2110474,799
2020,4,2110475,1082
2020,4,2110476,679
2020,4,2110477,1475
2020,4,2110478,1108
2020,4,2110479,1327
2020,4,2110480,1069
2020,4,2110481,1808
2020,4,2110482,286
2020,4,2110483,640
2020,4,2110484,2002
2020,4,2110485,584
2020,4,2110486,1013
2020,4,2110487,1409
2020,4,2110488,1000
2020,4,2110489,984
2020,4,2110490,785
2020,4,2110491,221
2020,4,2110492,79
2020,4,2110493,265
2020,4,2110494,363
2020,4,2110495,1209
2020,4,2110496,1029
2020,4,2110497,764
2020,4,2110498,1396
2020,4,2110499,723
2020,4,2110500,566
2020,4,2110501,692
2020,4,2110502,1074
2020,4,2110503,896
2020,4,2110504,266
2020,4,2110505,456
2020,4,2110506,873
2020,4,2110507,1222
2020,4,2110508,1077
2020,4,2110509,2060
2020,4,2110510,368
2020,4,2110511,1174
2020,4,2110512,483
2020,4,2110513,658
2020,4,2110514,1908
2020,4,2110515,117
2020,4,2110516,312
2020,4,2110517,304
2020,4,2110518,311
2020,4,2110519,356
2020,4,2110520,2105
2020,4,2110521,975
2020,4,2110522,746
2020,4,2110523,186
2020,4,2110524,361
2020,4,2110525,926
2020,4,2110526,374
2020,4,2110527,1374
2020,4,2110528,881
2020,4,2110529,1185
2020,4,2110530,892
2020,4,2110531,172
2020,4,2110532,873
2020,4,2110533,762
2020,4,2110534,555
2020,4,2110535,772
2020,4,2110536,888
2020,4,2110537,949
2020,4,2110538,863
2020,4,2110539,1063
2020,4,2110540,462
2020,4,2110541,1225
2020,4,2110542,1045
2020,4,2110543,352
2020,4,2110544,2706
2020,4,2110545,842
2020,4,2110546,695
2020,4,2110547,1687
2020,4,2110548,1222
2020,4,2110549,852
2020,4,2110550,1928
2020,4,2110551,1314
2020,4,2110552,625
2020,4,2110553,734
2020,4,2110554,1909
2020,4,2110555,1234
2020,4,2110556,341
2020,4,2110557,1477
2020,4,2110558,1491
2020,4,2110559,2040
2020,4,2110560,1296
2020,4,2110561,1475
2020,4,2110562,2019
2020,4,2110563,744
2020,4,2110564,2274
2020,4,2110565,1583
2020,4,2110566,3549
2020,4,2110567,500
2020,4,2110568,498
2020,4,2110569,1937
2020,4,2110570,462
2020,4,2110571,994
2020,4,2110572,2113
2020,4,2110573,755
2020,4,2110574,655
2020,4,2110575,1205
2020,4,2110576,1235
2020,4,2110577,1330
2020,4,2110578,1153
2020,4,2110579,793
2020,4,2110580,571
2020,4,2110581,1185
2020,4,2110582,1057
2020,4,2110583,806
2020,4,2110584,996
2020,4,2110585,926
2020,4,2110586,1753
2020,4,2110587,1105
2020,4,2110588,576
2020,4,2110589,573
2020,4,2110590,512
2020,4,2110591,766
2020,4,2110592,657
2020,4,2110593,705
2020,4,2110594,351
2020,4,2110595,1256
2020,4,2110596,624
2020,4,2110597,1532
2020,4,2110598,724
2020,4,2110599,1204
2020,4,2110600,771
2020,4,2110601,1140
2020,4,2110602,635
2020,4,2110603,429
2020,4,2110604,997
2020,4,2110605,602
2020,4,2110606,1252
2020,4,2110607,675
2020,4,2110608,1148
2020,4,2110609,900
2020,4,2110610,439
2020,4,2110611,1145
2020,4,2110612,1910
2020,4,2110613,1081
2020,4,2110614,1473
2020,4,2110615,929
2020,4,2110616,970
2020,4,2110617,1159
2020,4,2110618,1587
2020,4,2110619,892
2020,4,2110620,1197
2020,4,2110621,1263
2020,4,2110622,993
2020,4,2110623,328
2020,4,2110624,373
2020,4,2110625,1197
2020,4,2110626,891
2020,4,2110627,1214
2020,4,2110628,380
2020,4,2110629,1077
2020,4,2110630,1536
2020,4,2110631,996
2020,4,2110632,1003
2020,4,2110633,903
2020,4,2110634,1087
2020,4,2110635,1073
2020,4,2110636,1055
2020,4,2110637,831
2020,4,2110638,1804
2020,4,2110639,984
2020,4,2110640,449
2020,4,2110641,556
2020,4,2110642,85
2020,4,2110643,1266
2020,4,2110644,725
2020,4,2110645,1243
2020,4,2110646,1991
2020,4,2110647,1868
2020,4,2110648,986
2020,4,2110649,1021
2020,4,2110650,624
2020,4,2110651,1377
2020,4,2110652,721
2020,4,2110653,1655
2020,4,2110654,2257
2020,4,2110655,1689
2020,4,2110656,1745
2020,4,2110657,1467
2020,4,2110658,1203
2020,4,2110659,1611
2020,4,2110660,1875
2020,4,2110661,777
2020,4,2110662,1573
2020,4,2110663,913
2020,4,2110664,921
2020,4,2110665,1690
2020,4,2110666,433
2020,4,2110667,876
2020,4,2110668,1872
2020,4,2110669,748
2020,4,2110670,796
2020,4,2110671,1817
2020,4,2110672,427
2020,4,2110673,1668
2020,4,2110674,403
2020,4,2110675,1454
2020,4,2110676,951
2020,4,2110677,917
2020,4,2110678,503
2020,4,2110679,733
2020,4,2110680,230
2020,4,2110681,278
2020,4,2110682,267
2020,4,2110683,181
2020,4,2110684,214
2020,4,2110685,174
2020,4,2110686,562
2020,4,2110687,305
2020,4,2110688,595
2020,4,2110689,959
2020,4,2110690,1242
2020,4,2110691,575
2020,4,2110692,801
2020,4,2110693,503
2020,4,2110694,1054
2020,4,2110695,1273
2020,4,2110696,962
2020,4,2110697,480
2020,4,2110698,1002
2020,4,2110699,506
2020,4,2110700,1095
2020,4,2110701,626
2020,4,2110702,852
2020,4,2110703,1364
2020,4,2110704,816
2020,4,2110705,788
2020,4,2110706,791
2020,4,2110707,737
2020,4,2110708,869
2020,4,2110709,598
2020,4,2110710,3717
2020,4,2110711,1415
2020,4,2110712,1714
2020,4,2110713,1751
2020,4,2110714,2024
2020,4,2110715,1089
2020,4,2110716,1001
2020,4,2110717,3384
2020,4,2110718,1734
2020,4,2110719,1160
2020,4,2110720,1427
2020,4,2110721,1702
2020,4,2110722,2184
2020,4,2110723,2876
2020,4,2110724,1494
2020,4,2110725,2426
2020,4,2110726,162
2020,4,2110727,1161
2020,4,2110728,1652
2020,4,2110729,1676
2020,4,2110730,1306
2020,4,2110731,1121
2020,4,2110732,1411
2020,4,2110733,728
2020,4,2110734,890
2020,4,2110735,1454
2020,4,2110736,1825
2020,4,2110737,1274
2020,4,2110738,1614
2020,4,2110739,830
2020,4,2110740,1687
2020,4,2110741,920
2020,4,2110742,583
2020,4,2110743,1771
2020,4,2110744,1332
2020,4,2110745,778
2020,4,2110746,1322
2020,4,2110747,150
2020,4,2110748,863
2020,4,2110749,907
2020,4,2110750,864
2020,4,2110751,1002
2020,4,2110752,901
2020,4,2110753,1020
2020,4,2110754,1046
2020,4,2110755,700
2020,4,2110756,594
2020,4,2110757,693
2020,4,2110758,928
2020,4,2110759,2017
2020,4,2110760,1069
2020,4,2110761,1055
2020,4,2110762,1362
2020,4,2110763,1083
2020,4,2110764,978
2020,4,2110765,1737
2020,4,2110766,1816
2020,4,2110767,1479
2020,4,2110768,1140
2020,4,2110769,959
2020,4,2110770,1522
2020,4,2110771,1151
2020,4,2110772,615
2020,4,2110773,743
2020,4,2110774,942
2020,4,2110775,1023
2020,4,2110776,1174
2020,4,2110777,1442
2020,4,2110778,2190
2020,4,2110779,456
2020,4,2110780,472
2020,4,2110781,1087
2020,4,2110782,1536
2020,4,2110783,1101
2020,4,2110784,752
2020,4,2110785,757
2020,4,2110786,853
2020,4,2110787,872
2020,4,2110788,1328
2020,4,2110789,1142
2020,4,2110790,929
2020,4,2110791,367
2020,4,2110792,1410
2020,4,2110793,489
2020,4,2110794,780
2020,4,2110795,978
2020,4,2110796,767
2020,4,2110797,401
2020,4,2110798,519
2020,4,2110799,910
2020,4,2110800,1202
2020,4,2110801,366
2020,4,2110802,588
2020,4,2110803,906
2020,4,2110804,943
2020,4,2110805,501
2020,4,2110806,281
2020,4,2110807,1010
2020,4,2110808,950
2020,4,2110809,724
2020,4,2110810,1129
2020,4,2110811,885
2020,4,2110812,819
2020,4,2110813,1080
2020,4,2110814,899
2020,4,2110815,1106
2020,4,2110816,554
2020,4,2110817,711
2020,4,2110818,826
2020,4,2110819,1372
2020,4,2110820,630
2020,4,2110821,1110
2020,4,2110822,861
2020,4,2110823,1354
2020,4,2110824,412
2020,4,2110825,1356
2020,4,2110826,1263
2020,4,2110827,1083
2020,4,2110828,1767
2020,4,2110829,940
2020,4,2110830,743
2020,4,2110831,438
2020,4,2110832,1922
2020,4,2110833,818
2020,4,2110834,687
2020,4,2110835,737
2020,4,2110836,1023
2020,4,2110837,1091
2020,4,2110838,504
2020,4,2110839,579
2020,4,2110840,787
2020,4,2110841,580
2020,4,2110842,789
2020,4,2110843,322
2020,4,2110844,190
2020,4,2110845,112
2020,4,2110846,1194
2020,4,2110847,476
2020,4,2110848,1468
2020,4,2110849,2004
2020,4,2110850,2555
2020,4,2110851,1334
2020,4,2110852,1339
2020,4,2110853,1575
2020,4,2110854,837
2020,4,2110855,1583
2020,4,2110856,1201
2020,4,2110857,744
2020,4,2110858,743
2020,4,2110859,176
2020,4,2110860,951
2020,4,2110861,1621
2020,4,2110862,836
2020,4,2110863,903
2020,4,2110864,699
2020,4,2110865,977
2020,4,2110866,549
2020,4,2110867,1207
2020,4,2110868,1298
2020,4,2110869,2858
2020,4,2110870,66
2020,4,2110871,1471
2020,4,2110872,530
2020,4,2110873,1464
2020,4,2110874,804
2020,4,2110875,941
2020,4,2110876,986
2020,4,2110877,2235
2020,4,2110878,244
2020,4,2110879,926
2020,4,2110880,1177
2020,4,2110881,1655
2020,4,2110882,1334
2020,4,2110883,1032
2020,4,2110884,1210
2020,4,2110885,538
2020,4,2110886,823
2020,4,2110887,650
2020,4,2110888,689
2020,4,2110889,995
2020,4,2110890,1174
2020,4,2110891,676
2020,4,2110892,2797
2020,4,2110893,125
2020,4,2110894,344
2020,4,2110895,2121
2020,4,2110896,820
2020,4,2110897,2240
2020,4,2110898,411
2020,4,2110899,902
2020,4,2110900,1178
2020,4,2110901,659
2020,4,2110902,1293
2020,4,2110903,1238
2020,4,2110904,1343
2020,4,2110905,956
2020,4,2110906,833
2020,4,2110907,1718
2020,4,2110908,621
2020,4,2110909,52
2020,4,2110910,1126
2020,4,2110911,315
2020,4,2110912,641
2020,4,2110913,552
2020,4,2110914,1009
2020,4,2110915,591
2020,4,2110916,1564
2020,4,2110917,212
2020,4,2110918,1093
2020,4,2110919,914
2020,4,2110920,685
2020,4,2110921,612
2020,4,2110922,1172
2020,4,2110923,675
2020,4,2110924,970
2020,4,2110925,782
2020,4,2110926,1004
2020,4,2110927,355
2020,4,2110928,1988
2020,4,2110929,2415
2020,4,2110930,1245
2020,4,2110931,53
2020,4,2110932,561
2020,4,2110933,574
2020,4,2110934,268
2020,4,2110935,703
2020,4,2110936,459
2020,4,2110937,695
2020,4,2110938,487
2020,4,2110939,2417
2020,4,2110940,1064
2020,4,2110941,642
2020,4,2110942,1922
2020,4,2110943,1388
2020,4,2110944,179
2020,4,2110945,162
2020,4,2110946,169
2020,4,2110947,193
2020,4,2110948,58
2020,4,2110949,1721
2020,4,2110950,1406
2020,4,2110951,2182
2020,4,2110952,1240
2020,4,2110953,1685
2020,4,2110954,2445
2020,4,2110955,2616
2020,4,2110956,1553
2020,4,2110957,1711
2020,4,2110958,2391
2020,4,2110959,1298
2020,4,2110960,1301
2020,4,2110961,1780
2020,4,2110962,1360
2020,4,2110963,1668
2020,4,2110964,709
2020,4,2110965,1614
2020,4,2110966,2229
2020,4,2110967,2113
2020,4,2110968,1664
2020,4,2110969,2405
2020,4,2110970,1252
2020,4,2110971,2822
2020,4,2110972,1297
2020,4,2110973,1595
2020,4,2110974,915
2020,4,2110975,507
2020,4,2110976,1515
2020,4,2110977,1468
2020,4,2110978,585
2020,4,2110979,1265
2020,4,2110980,1212
2020,4,2110981,1906
2020,4,2110982,501
2020,4,2110983,981
2020,4,2110984,845
2020,4,2110985,876
2020,4,2110986,1037
2020,4,2110987,726
2020,4,2110988,615
2020,4,2110989,2259
2020,4,2110990,564
2020,4,2110991,1695
2020,4,2110992,2937
2020,4,2110993,59
2020,4,2110994,288
2020,4,2110995,778
2020,4,2110996,1529
2020,4,2110997,968
2020,4,2110998,223
2020,4,2110999,414
2020,4,2111000,171
2020,4,2111001,258
2020,4,2111002,125
2020,4,2111003,1431
2020,4,2111004,2969
2020,4,2111005,1181
2020,4,2111006,2096
2020,4,2111007,1010
2020,4,2111008,1333
2020,4,2111009,602
2020,4,2111010,1838
2020,4,2111011,312
2020,4,2111012,1901
2020,4,2111013,2283
2020,4,2111014,1904
2020,4,2111015,2756
2020,4,2111016,2174
2020,4,2111017,1109
2020,4,2111018,392
2020,4,2111019,1456
2020,4,2111020,682
2020,4,2111021,2095
2020,4,2111022,1323
2020,4,2111023,2215
2020,4,2111024,1713
2020,4,2111025,981
2020,4,2111026,2520
2020,4,2111027,1383
2020,4,2111028,2573
2020,4,2111029,670
2020,4,2111030,743
2020,4,2111031,853
2020,4,2111032,1012
2020,4,2111033,376
2020,4,2111034,648
2020,4,2111035,665
2020,4,2111036,557
2020,4,2111037,485
2020,4,2111038,593
2020,4,2111039,772
2020,4,2111040,539
2020,4,2111041,356
2020,4,2111042,1338
2020,4,2111043,508
2020,4,2111044,1035
2020,4,2111045,411
2020,4,2111046,1383
2020,4,2111047,420
2020,4,2111048,1390
2020,4,2111049,1374
2020,4,2111050,858
2020,4,2111051,2637
2020,4,2111052,1140
2020,4,2111053,1255
2020,4,2111054,745
2020,4,2111055,354
2020,4,2111056,1643
2020,4,2111057,1494
2020,4,2111058,731
2020,4,2111059,2951
2020,4,2111060,2023
2020,4,2111061,1757
2020,4,2111062,1349
2020,4,2111063,2055
2020,4,2111064,1617
2020,4,2111065,798
2020,4,2111066,1005
2020,4,2111067,2551
2020,4,2111068,1210
2020,4,2111069,1103
2020,4,2111070,845
2020,4,2111071,989
2020,4,2111072,1390
2020,4,2111073,1968
2020,4,2111074,995
2020,4,2111075,1497
2020,4,2111076,1013
2020,4,2111077,2733
2020,4,2111078,1725
2020,4,2111079,784
2020,4,2111080,1346
2020,4,2111081,537
2020,4,2111082,385
2020,4,2111083,894
2020,4,2111084,391
2020,4,2111085,444
2020,4,2111086,347
2020,4,2111087,135
2020,4,2111088,375
2020,4,2111089,567
2020,4,2111090,237
